full_name,cyclomatic_complexity,number_of_instructions
onPostExecute#com.amaze.filemanager.services.DeleteTask,5,39
onPostExecute#com.amaze.filemanager.fragments.AppsList$LoadListTask,5,32
onPostExecute#com.amaze.filemanager.services.asynctasks.MoveFiles,6,53
onPostExecute#com.amaze.filemanager.services.asynctasks.DbViewerTask,4,58
onPostExecute#com.amaze.filemanager.services.asynctasks.GenerateMD5Task,4,64
onPostExecute#com.amaze.filemanager.services.asynctasks.GenerateMD5Task$1,4,78
onPostExecute#org.mariotaku.twidere.preference.TrendsLocationPreference$GetAvailableTrendsTask,4,40
onPostExecute#org.mariotaku.twidere.util.AsyncTwitterWrapper$1,4,43
onPostExecute#org.mariotaku.twidere.activity.support.UserListSelectorActivity$GetUserListsTask,5,28
onPostExecute#org.mariotaku.twidere.activity.support.DataImportActivity$ImportSettingsTask,4,19
onPostExecute#org.mariotaku.twidere.preference.TranslationDestinationPreference$GetLanguagesTask,4,40
onPostExecute#org.mariotaku.twidere.util.SaveFileTask,4,19
onPostExecute#org.mariotaku.twidere.activity.support.DataExportActivity$ExportSettingsTask,4,18
onPostExecute#org.ligi.passandroid.ui.PassExportTask,5,51
onPostExecute#org.ligi.passandroid.ui.PassImportActivity$ImportAndShowAsyncTask,5,28
onPostExecute#org.wordpress.android.ui.stats.WPComLoginActivity$SignInTask,5,38
onPostExecute#org.wordpress.android.ui.posts.adapters.PostsListAdapter$LoadPostsTask,4,21
onPostExecute#org.wordpress.android.ui.posts.PostsActivity$deletePostTask,4,51
onPostExecute#org.wordpress.android.ui.posts.EditPostContentFragment$processAttachmentsTask,5,22
onPostExecute#org.wordpress.android.ui.reader.adapters.ReaderPostAdapter$LoadPostsTask,6,34
onPostExecute#org.wordpress.android.util.PostUploadService$UploadPostTask,8,116
onPostExecute#org.wordpress.android.ui.comments.CommentsListFragment$UpdateCommentsTask,10,44
onPostExecute#org.wordpress.android.ui.reader.ReaderPostDetailFragment$ShowPostTask,23,227
onPostExecute#org.wordpress.android.ui.accounts.WelcomeFragmentSignIn$SetupBlogTask,13,100
onPreExecute#org.wordpress.android.ui.accounts.WelcomeFragmentSignIn$SetupBlogTask,4,41
onPostExecute#com.nexes.manager.EventHandler$BackgroundWork,9,141
onProgressUpdate#org.brandroid.openmanager.util.EventHandler$BackgroundWork,11,103
onPreExecute#org.brandroid.openmanager.util.EventHandler$BackgroundWork,4,56
onPostExecute#org.brandroid.openmanager.util.EventHandler$BackgroundWork,4,32
onPostExecute#org.brandroid.openmanager.fragments.DialogHandler$CountAllFilesTask,20,63
onPostExecute#org.brandroid.openmanager.adapters.HeatmapAdapter$ScanSizeTask,6,50
onPostExecute#org.brandroid.openmanager.util.NetworkIOTask,5,27
onPostExecute#org.adblockplus.android.AdblockPlus$DownloadTask,5,51
onPostExecute#org.adw.launcher.WallpaperChooser$WallpaperLoader,5,28
onPostExecute#com.liato.bankdroid.BankEditActivity$DataRetrieverTask,55,5
onPostExecute#com.liato.bankdroid.appwidget.AutoRefreshService$DataRetrieverTask,33,4
onPostExecute#com.liato.bankdroid.DataRetrieverTask,46,4
