is_static,class_complexity,full_name,is_code_smell
False,108,edu.emory.mathcs.backport.java.util.TreeMap$NavigableSubMap,True
False,105,de.HS_Aalen.OptikFormelrechner.Glasberechnung$2,True
False,105,edu.emory.mathcs.backport.java.util.concurrent.CopyOnWriteArrayList$COWSubList,True
False,93,de.HS_Aalen.OptikFormelrechner.Transmission_Berechnung$1,True
False,90,com.badlogic.gdx.scenes.scene2d.ui.TextField$TextFieldClickListener,True
False,71,de.HS_Aalen.OptikFormelrechner.Raytracing_Berechnung$1,True
False,70,com.badlogic.gdx.backends.android.AndroidLiveWallpaperService$AndroidWallpaperEngine,True
False,70,org.secuso.privacyfriendly2048.activities.GameActivity$3,True
False,55,com.markuspage.android.atimetracker.ActivityTimes$TimesAdapter,True
False,54,com.lzx.lock.db.CommLockInfoManager$1,True
False,51,com.badlogic.gdx.scenes.scene2d.ui.Window$3,True
False,47,okhttp3.internal.framed.FramedConnection$Reader,True
False,47,de.HS_Aalen.OptikFormelrechner.Exaktes_Raytracing_Berechnung$1,True
False,46,com.squareup.okhttp.internal.framed.FramedConnection$Reader,True
False,41,okhttp3.internal.http2.Http2Connection$ReaderRunnable,True
False,40,com.markuspage.android.atimetracker.Activities$ActivityAdapter,True
False,38,de.HS_Aalen.OptikFormelrechner.Powervektoren$1,True
False,36,com.badlogic.gdx.scenes.scene2d.utils.DragAndDrop$1,True
False,32,okhttp3.internal.framed.FramedStream$FramedDataSource,True
False,32,com.squareup.okhttp.internal.framed.FramedStream$FramedDataSource,True
False,30,de.HS_Aalen.OptikFormelrechner.Schott$3,True
False,30,de.HS_Aalen.OptikFormelrechner.Shape$5,True
False,29,okhttp3.internal.framed.FramedStream$FramedDataSink,True
False,29,com.squareup.okhttp.internal.framed.FramedStream$FramedDataSink,True
False,29,edu.emory.mathcs.backport.java.util.TreeMap$SubMap,True
False,28,okhttp3.internal.http2.Http2Stream$FramingSource,True
False,26,com.google.gson.internal.bind.MapTypeAdapterFactory$Adapter,True
False,26,edu.emory.mathcs.backport.java.util.concurrent.ScheduledThreadPoolExecutor$ScheduledFutureTask,True
False,26,com.google.gson.internal.bind.MapTypeAdapterFactory$Adapter,True
False,26,okhttp3.internal.http2.Http2Stream$FramingSink,True
False,25,com.badlogic.gdx.scenes.scene2d.ui.ScrollPane$1,True
False,25,okhttp3.internal.cache.DiskLruCache$Editor,True
False,25,okhttp3.internal.cache.DiskLruCache$Entry,True
False,25,net.fortuna.ical4j.data.CalendarBuilder$ContentHandlerImpl,True
False,24,com.badlogic.gdx.scenes.scene2d.ui.TextArea$TextAreaListener,True
False,23,com.badlogic.gdx.input.RemoteInput$EventTrigger,True
False,23,edu.emory.mathcs.backport.java.util.concurrent.ConcurrentSkipListMap$SubMap$SubMapIter,True
False,22,com.badlogic.gdx.scenes.scene2d.ui.Tree$2,True
False,22,de.HS_Aalen.OptikFormelrechner.Schott$2,True
False,22,edu.emory.mathcs.backport.java.util.LinkedList$Itr,True
False,22,edu.emory.mathcs.backport.java.util.LinkedList$DescItr,True
False,22,eu.uwot.fabio.altcoinprices.activities.MainActivity$PortfolioAdapter,True
False,22,okhttp3.internal.cache.DiskLruCache$Editor,True
False,21,org.secuso.privacyfriendly2048.activities.StatsActivity$MyViewPagerAdapter,True
False,20,com.bumptech.glide.disklrucache.DiskLruCache$Entry,True
False,20,com.bumptech.glide.disklrucache.DiskLruCache$Entry,True
False,19,com.bumptech.glide.disklrucache.DiskLruCache$Editor,True
False,19,okhttp3.internal.http.Http1xStream$ChunkedSource,True
False,19,com.squareup.okhttp.internal.http.Http1xStream$ChunkedSource,True
False,19,com.bumptech.glide.disklrucache.DiskLruCache$Editor,True
False,19,edu.emory.mathcs.backport.java.util.Collections$CheckedMap$EntrySetView,True
False,19,okhttp3.internal.http1.Http1Codec$ChunkedSource,True
False,18,edu.emory.mathcs.backport.java.util.TreeMap$AscendingSubMap,True
False,18,edu.emory.mathcs.backport.java.util.TreeMap$DescendingSubMap,True
False,18,edu.emory.mathcs.backport.java.util.TreeMap$DescendingKeySet,True
False,18,edu.emory.mathcs.backport.java.util.TreeMap$AscendingKeySet,True
False,17,com.oF2pks.kalturadeviceinfos.MainActivity$2,True
False,17,com.badlogic.gdx.scenes.scene2d.ui.ScrollPane$2,True
False,17,edu.emory.mathcs.backport.java.util.concurrent.ConcurrentHashMap$HashIterator,True
False,17,com.angrydoughnuts.android.alarmclock.TimePicker$3,True
False,16,indrora.atomic.irc.IRCService$1,True
False,15,com.badlogic.gdx.scenes.scene2d.ui.SplitPane$1,True
False,15,com.squareup.okhttp.internal.http.HttpEngine$NetworkInterceptorChain,True
False,15,edu.emory.mathcs.backport.java.util.PriorityQueue$Itr,True
False,15,edu.emory.mathcs.backport.java.util.TreeMap$BaseEntryIterator,True
False,15,eu.uwot.fabio.altcoinprices.activities.MainActivity$6,True
False,15,okio.Pipe$PipeSink,True
False,15,okhttp3.internal.cache2.Relay$RelaySource,True
False,14,com.badlogic.gdx.scenes.scene2d.ui.Dialog$3,True
False,14,org.secuso.privacyfriendly2048.activities.MainActivity$MyViewPagerAdapter,True
False,14,edu.emory.mathcs.backport.java.util.concurrent.LinkedBlockingQueue$Itr,True
False,14,net.fortuna.ical4j.model.component.VFreeBusy$FreeTimeBuilder,True
False,13,com.badlogic.gdx.utils.compression.lzma.Encoder$LenEncoder,True
False,13,okio.Pipe$PipeSink,True
False,13,subreddit.android.appstore.screens.list.AppListAdapter$AppInfoFilter,True
False,13,okio.RealBufferedSource$1,True
False,13,org.secuso.privacyfriendly2048.activities.TutorialActivity$MyViewPagerAdapter,True
False,13,edu.emory.mathcs.backport.java.util.concurrent.ConcurrentSkipListMap$Iter,True
False,13,okhttp3.internal.cache.DiskLruCache$Entry,True
False,13,okio.RealBufferedSource$1,True
False,13,okhttp3.internal.ws.WebSocketWriter$FrameSink,True
False,13,com.lzx.lock.mvp.p.MainPresenter$LoadAppInfoAsyncTask,True
False,12,com.badlogic.gdx.scenes.scene2d.ui.Slider$1,True
False,12,io.reactivex.internal.operators.completable.CompletableUsing$1,True
False,12,io.reactivex.processors.UnicastProcessor$UnicastQueueSubscription,True
False,12,okhttp3.internal.http.Http1xStream$FixedLengthSource,True
False,12,com.squareup.okhttp.internal.http.Http1xStream$FixedLengthSource,True
False,12,net.fortuna.ical4j.data.CalendarParserImpl$ParameterParser,True
False,12,edu.emory.mathcs.backport.java.util.concurrent.ArrayBlockingQueue$Itr,True
False,12,okhttp3.internal.http1.Http1Codec$FixedLengthSource,True
False,12,com.lzx.lock.services.LockService$ServiceReceiver,True
False,12,com.lzx.lock.mvp.p.MainPresenter$LoadLockAsyncTask,True
False,11,com.badlogic.gdx.backends.android.surfaceview.GLSurfaceViewAPI18$ComponentSizeChooser,True
False,11,com.badlogic.gdx.utils.JsonValue$JsonIterator,True
False,11,com.bumptech.glide.load.engine.DecodeJob$DecodeCallback,True
False,11,subreddit.android.appstore.screens.list.FilterListAdapter$1,True
False,11,okhttp3.internal.http.Http1xStream$FixedLengthSink,True
False,11,okhttp3.internal.cache.DiskLruCache$3,True
False,11,com.squareup.okhttp.internal.http.Http1xStream$FixedLengthSink,True
False,11,org.secuso.privacyfriendly2048.activities.helper.Gestures$GestureListener,True
False,11,de.HS_Aalen.OptikFormelrechner.MainActivity$1,True
False,11,edu.emory.mathcs.backport.java.util.ArrayDeque$DeqIterator,True
False,11,edu.emory.mathcs.backport.java.util.TreeMap$KeySet,True
False,11,edu.emory.mathcs.backport.java.util.concurrent.ConcurrentLinkedQueue$Itr,True
False,11,edu.emory.mathcs.backport.java.util.ArrayDeque$DescendingIterator,True
False,11,edu.emory.mathcs.backport.java.util.TreeMap$ValueSet,True
False,11,okhttp3.internal.cache.DiskLruCache$3,True
False,11,com.lzx.lock.mvp.p.LockMainPresenter$LoadAppInfo,True
False,11,org.jibble.pircbot.DccFileTransfer$2,True
False,10,com.badlogic.gdx.utils.SortedIntList$Iterator,True
False,10,com.badlogic.gdx.scenes.scene2d.ui.List$1,True
False,10,com.badlogic.gdx.scenes.scene2d.ui.Skin$2,True
False,10,okhttp3.internal.http.Http1xStream$UnknownLengthSource,True
False,10,com.google.gson.internal.LinkedTreeMap$EntrySet,True
False,10,io.reactivex.subjects.UnicastSubject$UnicastQueueDisposable,True
False,10,com.google.gson.internal.LinkedHashTreeMap$EntrySet,True
False,10,okhttp3.internal.http.Http1xStream$ChunkedSink,True
False,10,io.reactivex.internal.operators.observable.ObservableRefCount$ConnectionSubscriber,True
False,10,io.reactivex.internal.operators.flowable.FlowableRefCount$ConnectionSubscriber,True
False,10,io.reactivex.internal.operators.completable.CompletableMerge$CompletableMergeSubscriber$InnerObserver,True
False,10,com.squareup.okhttp.internal.http.Http1xStream$ChunkedSink,True
False,10,com.squareup.okhttp.internal.http.Http1xStream$UnknownLengthSource,True
False,10,com.github.mikephil.charting.renderer.LineChartRenderer$DataSetImageCache,True
False,10,edu.emory.mathcs.backport.java.util.Collections$CheckedList$ListItr,True
False,10,edu.emory.mathcs.backport.java.util.concurrent.ConcurrentHashMap$EntrySet,True
False,10,edu.emory.mathcs.backport.java.util.Collections$CheckedMap$EntryView,True
False,10,com.google.gson.internal.LinkedTreeMap$EntrySet,True
False,10,com.google.gson.internal.LinkedHashTreeMap$EntrySet,True
False,10,okhttp3.internal.http1.Http1Codec$AbstractSource,True
False,10,okhttp3.internal.http1.Http1Codec$FixedLengthSink,True
False,10,com.lzx.lock.activities.lock.GestureSelfUnlockActivity$2,True
False,10,indrora.atomic.activity.ConversationActivity$1,True
False,9,com.badlogic.gdx.utils.compression.lzma.Encoder$LiteralEncoder,True
False,9,io.github.lonamiwebs.klooni.effects.ExplodeEffectFactory$ExplodeEffect,True
False,9,com.badlogic.gdx.utils.compression.lzma.Decoder$LiteralDecoder,True
False,9,com.badlogic.gdx.scenes.scene2d.ui.Skin$3,True
False,9,okhttp3.internal.cache.DiskLruCache$Snapshot,True
False,9,okio.RealBufferedSink$1,True
False,9,com.bumptech.glide.load.model.DataUrlLoader$StreamFactory$1,True
False,9,okhttp3.internal.cache.CacheInterceptor$2,True
False,9,okhttp3.Cache$2,True
False,9,io.reactivex.internal.operators.single.SingleUsing$1,True
False,9,io.reactivex.internal.operators.flowable.FlowableTakeUntil$1,True
False,9,com.google.gson.internal.bind.ReflectiveTypeAdapterFactory$1,True
False,9,okio.AsyncTimeout$1,True
False,9,com.squareup.okhttp.internal.http.HttpEngine$2,True
False,9,nerd.tuxmobil.fahrplan.congress.HorizontalSnapScrollView$2,True
False,9,com.squareup.okhttp.internal.http.Http1xStream$AbstractSource,True
False,9,com.bumptech.glide.load.model.DataUrlLoader$StreamFactory$1,True
False,9,de.HS_Aalen.OptikFormelrechner.Powervektoren$InputFilterMinMax,True
False,9,de.HS_Aalen.OptikFormelrechner.HSA_Umrechner$InputFilterMinMax,True
False,9,edu.emory.mathcs.backport.java.util.concurrent.DelayQueue$Itr,True
False,9,edu.emory.mathcs.backport.java.util.concurrent.PriorityBlockingQueue$Itr,True
False,9,edu.emory.mathcs.backport.java.util.TreeMap$EntrySet,True
False,9,okhttp3.internal.http1.Http1Codec$UnknownLengthSource,True
False,9,okio.RealBufferedSink$1,True
False,9,okhttp3.internal.cache.CacheInterceptor$1,True
False,9,okhttp3.Cache$2,True
False,9,okhttp3.internal.http1.Http1Codec$ChunkedSink,True
False,9,com.google.gson.internal.bind.ReflectiveTypeAdapterFactory$1,True
False,9,okio.AsyncTimeout$1,True
False,9,com.lzx.lock.mvp.p.LockMainPresenter$SearchInfoAsyncTask,True
False,8,com.badlogic.gdx.utils.compression.lzma.Decoder$LenDecoder,True
False,8,com.badlogic.gdx.utils.compression.lzma.Encoder$LenPriceTableEncoder,True
False,8,com.badlogic.gdx.scenes.scene2d.utils.ActorGestureListener$1,True
False,8,com.badlogic.gdx.backends.android.AndroidInput$SensorListener,True
False,8,com.badlogic.gdx.backends.android.surfaceview.GLSurfaceViewAPI18$BaseConfigChooser,True
False,8,com.futuremind.recyclerviewfastscroll.FastScroller$2,True
False,8,okhttp3.RealCall$AsyncCall,True
False,8,com.google.gson.internal.LinkedHashTreeMap$LinkedTreeMapIterator,True
False,8,okhttp3.internal.http.Http1xStream$AbstractSource,True
False,8,io.reactivex.internal.operators.flowable.FlowableSkipUntil$1,True
False,8,com.google.gson.internal.LinkedTreeMap$LinkedTreeMapIterator,True
False,8,subreddit.android.appstore.screens.list.AppListPresenter$1,True
False,8,io.reactivex.schedulers.TestScheduler$TestWorker,True
False,8,io.reactivex.internal.operators.observable.ObservableTakeUntil$1,True
False,8,io.reactivex.internal.operators.observable.BlockingObservableMostRecent$MostRecentObserver$1,True
False,8,io.reactivex.internal.operators.flowable.BlockingFlowableMostRecent$MostRecentObserver$1,True
False,8,org.secuso.privacyfriendly2048.activities.GameActivity$2,True
False,8,de.HS_Aalen.OptikFormelrechner.Shape$1,True
False,8,net.fortuna.ical4j.model.component.VFreeBusy$BusyTimeBuilder,True
False,8,us.achromaticmetaphor.agram.Wordlist$1,True
False,8,com.angrydoughnuts.android.alarmclock.AlarmOptions$OptionsView$11,True
False,8,eu.uwot.fabio.altcoinprices.activities.AddCustomCoinActivity$GetCoinDataTask,True
False,8,okhttp3.internal.cache.DiskLruCache$Snapshot,True
False,8,com.google.gson.internal.LinkedHashTreeMap$LinkedTreeMapIterator,True
False,8,com.google.gson.internal.LinkedTreeMap$LinkedTreeMapIterator,True
False,8,com.lzx.lock.activities.lock.GestureUnlockActivity$3,True
False,8,indrora.atomic.irc.IRCService$NetworkTransitionHandler,True
False,8,indrora.atomic.activity.ServersActivity$1,True
False,7,com.badlogic.gdx.net.NetJavaImpl$1,True
False,7,okio.Buffer$2,True
False,7,okhttp3.Cache$1,True
False,7,com.google.gson.internal.LinkedTreeMap$KeySet,True
False,7,io.reactivex.internal.operators.completable.CompletableMergeIterable$1,True
False,7,com.google.gson.Gson$2,True
False,7,com.google.gson.Gson$3,True
False,7,io.reactivex.internal.operators.single.SingleEquals$1InnerObserver,True
False,7,com.google.gson.internal.LinkedHashTreeMap$KeySet,True
False,7,com.google.gson.internal.Excluder$1,True
False,7,io.reactivex.internal.operators.observable.ObservableSkipUntil$1,True
False,7,io.reactivex.internal.operators.flowable.FlowableDelaySubscriptionOther$1,True
False,7,okio.Pipe$PipeSource,True
False,7,io.reactivex.internal.operators.completable.CompletableMergeArray$1,True
False,7,io.reactivex.internal.operators.observable.ObservableDelaySubscriptionOther$1,True
False,7,nerd.tuxmobil.fahrplan.congress.HorizontalSnapScrollView$YScrollDetector,True
False,7,org.secuso.privacyfriendly2048.activities.GameActivity$MovingListener,True
False,7,de.HS_Aalen.OptikFormelrechner.Schott$1,True
False,7,de.HS_Aalen.OptikFormelrechner.HSA_Umrechner$7,True
False,7,net.fortuna.ical4j.data.CalendarParserImpl$PropertyParser,True
False,7,edu.emory.mathcs.backport.java.util.concurrent.LinkedBlockingDeque$AbstractItr,True
False,7,edu.emory.mathcs.backport.java.util.concurrent.ScheduledThreadPoolExecutor$DelayedWorkQueue$Itr,True
False,7,edu.emory.mathcs.backport.java.util.concurrent.ConcurrentHashMap$KeySet,True
False,7,com.angrydoughnuts.android.alarmclock.MediaPicker$11,True
False,7,okio.Buffer$2,True
False,7,okhttp3.RealCall$AsyncCall,True
False,7,okhttp3.Cache$1,True
False,7,com.google.gson.internal.LinkedTreeMap$KeySet,True
False,7,okio.Pipe$PipeSource,True
False,7,com.google.gson.Gson$2,True
False,7,com.google.gson.Gson$1,True
False,7,com.google.gson.internal.LinkedHashTreeMap$KeySet,True
False,7,com.google.gson.internal.Excluder$1,True
False,6,com.oF2pks.kalturadeviceinfos.MainActivity$CollectorTask,True
False,6,io.github.lonamiwebs.klooni.screens.CustomizeScreen$7,True
False,6,com.badlogic.gdx.backends.android.surfaceview.GLSurfaceViewAPI18$DefaultContextFactory,True
False,6,com.badlogic.gdx.graphics.g3d.particles.ParallelArray$ObjectChannel,True
False,6,com.badlogic.gdx.scenes.scene2d.ui.SelectBox$1,True
False,6,com.badlogic.gdx.backends.android.surfaceview.GLSurfaceView20$1,True
False,6,com.badlogic.gdx.backends.android.surfaceview.GLSurfaceView20API18$1,True
False,6,com.badlogic.gdx.graphics.g3d.particles.ParallelArray$FloatChannel,True
False,6,com.badlogic.gdx.graphics.g3d.particles.ParallelArray$IntChannel,True
False,6,io.github.lonamiwebs.klooni.effects.SpinEffectFactory$SpinEffect,True
False,6,io.reactivex.internal.operators.single.SingleAmbArray$1,True
False,6,okio.Buffer$1,True
False,6,io.reactivex.internal.operators.single.SingleAmbIterable$1,True
False,6,io.reactivex.internal.operators.completable.CompletableAmbArray$1,True
False,6,io.reactivex.internal.operators.single.SingleDoOnSubscribe$1,True
False,6,io.reactivex.internal.operators.completable.CompletableToSingle$1,True
False,6,okhttp3.internal.framed.FramedStream$StreamTimeout,True
False,6,io.reactivex.internal.operators.single.SingleOnErrorReturn$1,True
False,6,com.google.gson.internal.bind.TypeAdapters$26$1,True
False,6,okhttp3.Cache$CacheRequestImpl,True
False,6,com.bumptech.glide.manager.RequestManagerFragment$FragmentRequestManagerTreeNode,True
False,6,io.reactivex.internal.operators.completable.CompletableAmbIterable$1,True
False,6,com.bumptech.glide.manager.SupportRequestManagerFragment$SupportFragmentRequestManagerTreeNode,True
False,6,okhttp3.internal.cache.DiskLruCache$2,True
False,6,io.reactivex.internal.operators.single.SingleFromObservable$1,True
False,6,io.reactivex.internal.schedulers.ExecutorScheduler$ExecutorWorker$2,True
False,6,com.bumptech.glide.disklrucache.DiskLruCache$Value,True
False,6,io.reactivex.internal.operators.completable.CompletableTimeout$2,True
False,6,io.reactivex.internal.operators.single.SingleTimeout$2,True
False,6,io.reactivex.internal.operators.flowable.FlowableWithLatestFrom$1,True
False,6,com.squareup.okhttp.internal.framed.FramedStream$StreamTimeout,True
False,6,okio.AsyncTimeout$1,True
False,6,com.bumptech.glide.disklrucache.DiskLruCache$Value,True
False,6,org.secuso.privacyfriendly2048.activities.GameActivity$ScalingListener,True
False,6,de.HS_Aalen.OptikFormelrechner.Raytracing_Start$1,True
False,6,net.fortuna.ical4j.model.component.VEvent$PublishValidator,True
False,6,us.achromaticmetaphor.agram.AnagramActivity$1,True
False,6,us.achromaticmetaphor.agram.FileBrowser$1,True
False,6,com.angrydoughnuts.android.alarmclock.AlarmNotificationService$ActiveAlarms$1,True
False,6,eu.uwot.fabio.altcoinprices.activities.EditPortfolioItemActivity$1,True
False,6,eu.uwot.fabio.altcoinprices.activities.EditPortfolioItemActivity$2,True
False,6,eu.uwot.fabio.altcoinprices.activities.EditPortfolioItemActivity$4,True
False,6,eu.uwot.fabio.altcoinprices.activities.EditCustomCoinActivity$1,True
False,6,eu.uwot.fabio.altcoinprices.activities.AddNewPortfolioItemActivity$2,True
False,6,eu.uwot.fabio.altcoinprices.activities.AddNewPortfolioItemActivity$1,True
False,6,okio.Buffer$1,True
False,6,okhttp3.internal.cache.DiskLruCache$2,True
False,6,okhttp3.internal.http2.Http2Stream$StreamTimeout,True
False,6,com.google.gson.internal.bind.TypeAdapters$26$1,True
False,6,okhttp3.internal.http2.Http2Codec$StreamFinishingSource,True
False,6,com.viewpagerindicator.TabPageIndicator$TabView,True
False,5,de.nproth.pin.NotesProvider$1,True
False,5,de.nproth.pin.NoteActivity$3,True
False,5,de.cketti.changelog.MergedChangeLogProvider$VersionCodeComparator,True
False,5,com.badlogic.gdx.scenes.scene2d.ui.Dialog$2,True
False,5,io.github.lonamiwebs.klooni.effects.EvaporateEffectFactory$EvaporateEffect,True
False,5,com.badlogic.gdx.graphics.g3d.decals.SimpleOrthoGroupStrategy$Comparator,True
False,5,com.badlogic.gdx.scenes.scene2d.ui.SelectBox$SelectBoxList$4,True
False,5,com.badlogic.gdx.utils.compression.lzma.Encoder$Optimal,True
False,5,io.github.lonamiwebs.klooni.effects.VanishEffectFatory$VanishEffect,True
False,5,io.github.lonamiwebs.klooni.effects.WaterdropEffectFactory$WaterdropEffect,True
False,5,com.badlogic.gdx.scenes.scene2d.ui.TooltipManager$2,True
False,5,com.badlogic.gdx.scenes.scene2d.ui.Touchpad$1,True
False,5,com.badlogic.gdx.scenes.scene2d.ui.Skin$4,True
False,5,com.badlogic.gdx.graphics.g3d.particles.influencers.ParticleControllerInfluencer$Random$ParticleControllerPool,True
False,5,io.reactivex.Scheduler$Worker$PeriodicTask,True
False,5,com.bumptech.glide.load.resource.gif.GifFrameLoader$FrameLoaderCallback,True
False,5,io.reactivex.internal.operators.completable.CompletableFromObservable$1,True
False,5,com.bumptech.glide.disklrucache.DiskLruCache$1,True
False,5,subreddit.android.appstore.util.mvp.LoaderHelper$1,True
False,5,io.reactivex.internal.operators.maybe.MaybeFlatMapNotification$FlatMapMaybeObserver$InnerObserver,True
False,5,io.reactivex.internal.operators.completable.CompletableDelay$1,True
False,5,io.reactivex.internal.operators.observable.ObservableWithLatestFrom$1,True
False,5,io.reactivex.internal.operators.completable.CompletableOnErrorComplete$1,True
False,5,io.reactivex.internal.operators.single.SingleResumeNext$1,True
False,5,okhttp3.internal.cache.DiskLruCache$1,True
False,5,okhttp3.internal.framed.FramedConnection$6,True
False,5,okhttp3.internal.framed.FramedConnection$5,True
False,5,com.google.gson.internal.bind.TreeTypeAdapter$GsonContextImpl,True
False,5,io.reactivex.internal.operators.maybe.MaybeFlatten$FlatMapMaybeObserver$InnerObserver,True
False,5,com.google.gson.TypeAdapter$1,True
False,5,com.google.gson.internal.bind.TypeAdapters$35$1,True
False,5,io.reactivex.internal.operators.completable.CompletableResumeNext$1,True
False,5,okio.AsyncTimeout$2,True
False,5,com.squareup.okhttp.internal.framed.FramedConnection$5,True
False,5,com.squareup.okhttp.internal.framed.FramedConnection$6,True
False,5,okio.AsyncTimeout$2,True
False,5,org.libsdl.app.SDLSurface$1,True
False,5,com.bumptech.glide.manager.RequestManagerFragment$FragmentRequestManagerTreeNode,True
False,5,org.secuso.privacyfriendly2048.activities.TutorialActivity$3,True
False,5,com.bumptech.glide.manager.SupportRequestManagerFragment$SupportFragmentRequestManagerTreeNode,True
False,5,com.bumptech.glide.disklrucache.DiskLruCache$1,True
False,5,de.HS_Aalen.OptikFormelrechner.Exaktes_Raytracing_Start$1,True
False,5,de.HS_Aalen.OptikFormelrechner.HSA_Umrechner$4,True
False,5,de.HS_Aalen.OptikFormelrechner.HSA_Umrechner$3,True
False,5,de.HS_Aalen.OptikFormelrechner.Transmission_Start$1,True
False,5,edu.emory.mathcs.backport.java.util.concurrent.LinkedBlockingDeque$Itr,True
False,5,net.fortuna.ical4j.data.CalendarParserImpl$PropertyListParser,True
False,5,net.fortuna.ical4j.model.component.VEvent$CounterValidator,True
False,5,edu.emory.mathcs.backport.java.util.concurrent.LinkedBlockingDeque$DescendingItr,True
False,5,net.fortuna.ical4j.data.CalendarParserImpl$ComponentListParser,True
False,5,edu.emory.mathcs.backport.java.util.concurrent.ConcurrentHashMap$Values,True
False,5,net.fortuna.ical4j.model.component.VEvent$RequestValidator,True
False,5,net.fortuna.ical4j.model.component.VToDo$PublishValidator,True
False,5,us.achromaticmetaphor.agram.MainActivity$1,True
False,5,us.achromaticmetaphor.agram.AnagramActivity$ScrollFiller$1,True
False,5,com.angrydoughnuts.android.alarmclock.MediaPicker$5,True
False,5,com.angrydoughnuts.android.alarmclock.AlarmOptions$RepeatEditor$1,True
False,5,com.angrydoughnuts.android.alarmclock.AlarmClockActivity$5,True
False,5,eu.uwot.fabio.altcoinprices.activities.SettingsActivity$6,True
False,5,eu.uwot.fabio.altcoinprices.activities.AddNewPortfolioItemActivity$3,True
False,5,eu.uwot.fabio.altcoinprices.activities.AddCustomCoinActivity$1,True
False,5,okhttp3.internal.cache.DiskLruCache$1,True
False,5,okhttp3.internal.http2.Http2Connection$5,True
False,5,okhttp3.internal.http2.Http2Connection$4,True
False,5,retrofit2.ParameterHandler$1,True
False,5,com.google.gson.internal.bind.TreeTypeAdapter$GsonContextImpl,True
False,5,com.google.gson.TypeAdapter$1,True
False,5,com.google.gson.internal.bind.TypeAdapters$35$1,True
False,5,okio.AsyncTimeout$2,True
False,5,com.lzx.lock.activities.setting.LockSettingActivity$LockSettingReceiver,True
False,5,com.lzx.lock.widget.BaseDialog$2,True
False,5,com.lzx.lock.widget.BaseDialog$1,True
False,5,com.lzx.lock.widget.DialogSearch$1,True
False,5,indrora.atomic.activity.ConversationActivity$4,True
False,4,de.nproth.pin.NoteActivity$1,True
False,4,de.nproth.pin.NoteActivity$2,True
False,4,io.github.lonamiwebs.klooni.screens.CustomizeScreen$4,True
False,4,com.badlogic.gdx.scenes.scene2d.ui.Dialog$4,True
False,4,com.badlogic.gdx.scenes.scene2d.actions.EventAction$1,True
False,4,com.badlogic.gdx.backends.android.AndroidFragmentApplication$1,True
False,4,io.github.lonamiwebs.klooni.screens.CustomizeScreen$3,True
False,4,io.github.lonamiwebs.klooni.screens.CustomizeScreen$2,True
False,4,com.badlogic.gdx.backends.android.AndroidApplication$1,True
False,4,com.badlogic.gdx.backends.android.AndroidDaydream$1,True
False,4,com.badlogic.gdx.scenes.scene2d.ui.SelectBox$SelectBoxList$3,True
False,4,com.badlogic.gdx.scenes.scene2d.ui.Tree$1,True
False,4,com.badlogic.gdx.utils.UBJsonWriter$JsonObject,True
False,4,com.badlogic.gdx.scenes.scene2d.ui.ScrollPane$3,True
False,4,com.badlogic.gdx.utils.JsonWriter$JsonObject,True
False,4,com.badlogic.gdx.scenes.scene2d.ui.Skin$1,True
False,4,com.badlogic.gdx.scenes.scene2d.ui.Tooltip$1,True
False,4,com.badlogic.gdx.scenes.scene2d.ui.Button$1,True
False,4,io.reactivex.internal.operators.completable.CompletableFromSingle$1,True
False,4,subreddit.android.appstore.screens.list.AppListModule$1,True
False,4,io.reactivex.internal.operators.single.SingleDoOnError$1,True
False,4,io.reactivex.internal.operators.flowable.FlowableRefCount$2,True
False,4,io.reactivex.internal.operators.completable.CompletableObserveOn$1,True
False,4,io.reactivex.internal.operators.flowable.FlowableDistinct$2$1,True
False,4,com.futuremind.recyclerviewfastscroll.viewprovider.VisibilityAnimationManager$1,True
False,4,okhttp3.ConnectionPool$1,True
False,4,io.reactivex.internal.operators.single.SingleContains$1,True
False,4,de.psdev.licensesdialog.LicensesDialog$3,True
False,4,de.psdev.licensesdialog.LicensesDialog$6,True
False,4,subreddit.android.appstore.screens.list.AppListFragment$1,True
False,4,io.reactivex.internal.operators.single.SingleMap$1,True
False,4,io.reactivex.internal.operators.completable.CompletablePeek$1,True
False,4,io.reactivex.internal.operators.observable.ObservableRefCount$2,True
False,4,io.reactivex.internal.operators.observable.ObservableTimeoutTimed$TimeoutTimedOtherSubscriber$2,True
False,4,com.bumptech.glide.load.model.ByteArrayLoader$StreamFactory$1,True
False,4,com.bumptech.glide.disklrucache.StrictLineReader$1,True
False,4,com.google.gson.internal.ConstructorConstructor$5,True
False,4,io.reactivex.internal.operators.single.SingleDelay$1,True
False,4,io.reactivex.internal.operators.single.SingleDoOnSuccess$1,True
False,4,io.reactivex.internal.operators.observable.ObservableDistinct$2$1,True
False,4,subreddit.android.appstore.screens.navigation.NavigationPresenter$2,True
False,4,io.reactivex.internal.operators.single.SingleObserveOn$1,True
False,4,subreddit.android.appstore.screens.navigation.NavigationModule$1,True
False,4,io.reactivex.internal.operators.completable.CompletableUnsubscribeOn$1,True
False,4,io.reactivex.internal.operators.single.SingleFlatMap$SingleFlatMapCallback$1,True
False,4,okhttp3.internal.framed.NameValueBlockReader$1,True
False,4,okhttp3.internal.framed.NameValueBlockReader$2,True
False,4,subreddit.android.appstore.util.ui.BaseViewHolder$1,True
False,4,subreddit.android.appstore.util.ui.BaseViewHolder$2,True
False,4,subreddit.android.appstore.screens.details.AppDetailsModule$1,True
False,4,io.reactivex.internal.operators.flowable.FlowableDistinct$3$1,True
False,4,io.reactivex.internal.operators.flowable.FlowableTimeoutTimed$TimeoutTimedOtherSubscriber$2,True
False,4,io.reactivex.internal.operators.observable.ObservableDistinct$3$1,True
False,4,subreddit.android.appstore.backend.scrapers.gplay.GPlayScraper$1,True
False,4,subreddit.android.appstore.backend.scrapers.gplay.GPlayScraper$3,True
False,4,io.reactivex.internal.operators.completable.CompletableTimeout$1,True
False,4,com.bumptech.glide.load.model.ByteArrayLoader$ByteBufferFactory$1,True
False,4,io.reactivex.internal.operators.completable.CompletableConcat$CompletableConcatSubscriber$ConcatInnerObserver,True
False,4,io.reactivex.internal.operators.single.SingleTimeout$1,True
False,4,nerd.tuxmobil.fahrplan.congress.CustomScrollView$YScrollDetector,True
False,4,com.squareup.okhttp.Call$ApplicationInterceptorChain,True
False,4,com.squareup.okhttp.ConnectionPool$1,True
False,4,com.squareup.okhttp.internal.framed.NameValueBlockReader$1,True
False,4,com.squareup.okhttp.internal.framed.NameValueBlockReader$2,True
False,4,org.secuso.privacyfriendly2048.activities.MainActivity$5,True
False,4,com.bumptech.glide.load.model.ByteArrayLoader$StreamFactory$1,True
False,4,com.bumptech.glide.disklrucache.StrictLineReader$1,True
False,4,com.bumptech.glide.manager.DefaultConnectivityMonitor$1,True
False,4,com.bumptech.glide.load.resource.gif.GifFrameLoader$FrameLoaderCallback,True
False,4,com.bumptech.glide.load.model.ByteArrayLoader$ByteBufferFactory$1,True
False,4,com.markuspage.android.atimetracker.Activities$ActivityView,True
False,4,com.github.mikephil.charting.renderer.BarLineScatterCandleBubbleRenderer$XBounds,True
False,4,de.HS_Aalen.OptikFormelrechner.Shape$2,True
False,4,de.HS_Aalen.OptikFormelrechner.HSA_Umrechner$2,True
False,4,de.HS_Aalen.OptikFormelrechner.HSA_Umrechner$1,True
False,4,net.fortuna.ical4j.data.CalendarParserImpl$ComponentParser,True
False,4,edu.emory.mathcs.backport.java.util.Collections$CheckedCollection$Itr,True
False,4,net.fortuna.ical4j.model.component.VToDo$RequestValidator,True
False,4,net.fortuna.ical4j.data.CalendarParserImpl$ParameterListParser,True
False,4,net.fortuna.ical4j.model.component.VTimeZone$ITIPValidator,True
False,4,net.fortuna.ical4j.model.component.VToDo$CounterValidator,True
False,4,net.fortuna.ical4j.model.component.VToDo$AddValidator,True
False,4,net.fortuna.ical4j.model.component.VEvent$AddValidator,True
False,4,us.achromaticmetaphor.agram.MainActivity$5,True
False,4,us.achromaticmetaphor.agram.MainActivity$2,True
False,4,us.achromaticmetaphor.agram.About$1,True
False,4,com.angrydoughnuts.android.alarmclock.AlarmOptions$2,True
False,4,com.angrydoughnuts.android.alarmclock.TimePicker$4,True
False,4,com.angrydoughnuts.android.alarmclock.AlarmOptions$OptionsView$10,True
False,4,com.angrydoughnuts.android.alarmclock.MediaPicker$9,True
False,4,com.angrydoughnuts.android.alarmclock.AlarmOptions$OptionsView$12,True
False,4,com.angrydoughnuts.android.alarmclock.AlarmOptions$OptionsView$4,True
False,4,com.angrydoughnuts.android.alarmclock.AlarmOptions$OptionsView$6,True
False,4,com.angrydoughnuts.android.alarmclock.AlarmClockActivity$3,True
False,4,com.angrydoughnuts.android.alarmclock.AlarmClockActivity$DeleteAllConfirmation$1,True
False,4,eu.uwot.fabio.altcoinprices.activities.MainActivity$4,True
False,4,eu.uwot.fabio.altcoinprices.activities.SettingsActivity$5,True
False,4,eu.uwot.fabio.altcoinprices.activities.SettingsActivity$7,True
False,4,eu.uwot.fabio.altcoinprices.activities.ManageCustomCoinsActivity$CustomCoinsListAdapter,True
False,4,retrofit2.OkHttpCall$1,True
False,4,retrofit2.DefaultCallAdapterFactory$1,True
False,4,okhttp3.Cache$CacheRequestImpl,True
False,4,retrofit2.ExecutorCallAdapterFactory$1,True
False,4,com.google.gson.internal.ConstructorConstructor$5,True
False,4,okhttp3.ConnectionPool$1,True
False,4,retrofit2.ParameterHandler$2,True
False,4,com.jvillalba.apod.classic.controller.NasaController$1,True
False,4,retrofit2.Retrofit$1,True
False,4,com.lzx.lock.adapters.SelectTimeAdapter$1,True
False,4,com.lzx.lock.activities.main.MainActivity$CommentPagerAdapter,True
False,4,com.lzx.lock.activities.lock.GestureUnlockActivity$2,True
False,4,com.lzx.lock.activities.lock.GestureUnlockActivity$GestureUnlockReceiver,True
False,4,io.github.subhamtyagi.crashreporter.ui.CrashReporterActivity$1,True
False,4,com.lzx.lock.activities.fingerprint.FingerprintActivity$1,True
False,4,com.lzx.lock.adapters.MainAdapter$MainViewHolder,True
False,4,org.koreader.launcher.MainActivity$5,True
False,4,com.viewpagerindicator.TabPageIndicator$1,True
False,4,de.duenndns.ssl.MemorizingTrustManager$MemorizingHostnameVerifier,True
False,4,indrora.atomic.irc.IRCConnection$1,True
False,3,androidx.versionedparcelable.VersionedParcel$1,True
False,3,com.oF2pks.kalturadeviceinfos.Collector$2,True
False,3,org.droidtr.deletegapps.MainActivity$1,True
False,3,org.droidtr.deletegapps.MainActivity$5,True
False,3,com.badlogic.gdx.backends.android.AndroidGraphicsLiveWallpaper$1,True
False,3,com.badlogic.gdx.backends.android.AndroidGraphicsLiveWallpaper$2,True
False,3,com.badlogic.gdx.scenes.scene2d.ui.Window$1,True
False,3,com.badlogic.gdx.graphics.g3d.particles.influencers.ModelInfluencer$Random$ModelInstancePool,True
False,3,com.badlogic.gdx.backends.android.AndroidInput$2,True
False,3,com.badlogic.gdx.backends.android.AndroidInput$4,True
False,3,com.badlogic.gdx.backends.android.AndroidInput$1,True
False,3,io.github.lonamiwebs.klooni.AndroidShareChallenge$1,True
False,3,com.badlogic.gdx.math.Bresenham2$1,True
False,3,com.badlogic.gdx.scenes.scene2d.ui.SelectBox$SelectBoxList$2,True
False,3,com.badlogic.gdx.graphics.g3d.ModelCache$2,True
False,3,com.badlogic.gdx.graphics.g3d.ModelCache$1,True
False,3,com.badlogic.gdx.utils.PooledLinkedList$1,True
False,3,com.badlogic.gdx.graphics.g2d.PixmapPacker$GuillotineStrategy$1,True
False,3,com.badlogic.gdx.graphics.g3d.particles.batches.BillboardParticleBatch$RenderablePool,True
False,3,com.badlogic.gdx.graphics.g2d.PixmapPacker$SkylineStrategy$1,True
False,3,com.badlogic.gdx.graphics.g3d.utils.BaseAnimationController$1,True
False,3,com.badlogic.gdx.graphics.g3d.utils.AnimationController$1,True
False,3,com.badlogic.gdx.graphics.g2d.ParticleEffectPool$PooledEffect,True
False,3,com.badlogic.gdx.graphics.g3d.decals.CameraGroupStrategy$1,True
False,3,com.badlogic.gdx.backends.android.AndroidNet$1,True
False,3,io.github.lonamiwebs.klooni.actors.MoneyBuyBand$1,True
False,3,com.badlogic.gdx.input.GestureDetector$1,True
False,3,com.badlogic.gdx.scenes.scene2d.ui.Skin$5,True
False,3,com.badlogic.gdx.graphics.g3d.decals.DecalBatch$1,True
False,3,io.reactivex.internal.operators.flowable.FlowableDistinct$1$1,True
False,3,com.futuremind.recyclerviewfastscroll.FastScroller$1,True
False,3,io.reactivex.internal.operators.flowable.FlowableRefCount$1,True
False,3,io.reactivex.observables.ConnectableObservable$1,True
False,3,de.psdev.licensesdialog.LicensesDialog$5,True
False,3,de.psdev.licensesdialog.LicensesDialog$2,True
False,3,subreddit.android.appstore.util.mvp.BasePresenterFragment$1,True
False,3,io.reactivex.internal.operators.observable.ObservableRefCount$1,True
False,3,io.reactivex.internal.operators.observable.ObservablePublish$2$1,True
False,3,subreddit.android.appstore.screens.list.AppListPresenter$2,True
False,3,subreddit.android.appstore.screens.list.AppListPresenter$4,True
False,3,subreddit.android.appstore.screens.list.AppListPresenter$3,True
False,3,com.bumptech.glide.load.model.ModelCache$1,True
False,3,com.bumptech.glide.RequestBuilder$1,True
False,3,io.reactivex.internal.operators.observable.ObservableDistinct$1$1,True
False,3,subreddit.android.appstore.screens.list.DaggerAppListComponent$1,True
False,3,subreddit.android.appstore.screens.navigation.DaggerNavigationComponent$1,True
False,3,com.bumptech.glide.manager.DefaultConnectivityMonitor$1,True
False,3,com.bumptech.glide.load.engine.cache.SafeKeyGenerator$1,True
False,3,io.reactivex.internal.operators.observable.ObservableReplay$2$1,True
False,3,io.reactivex.internal.operators.observable.ObservableTimeoutTimed$TimeoutTimedSubscriber$2,True
False,3,io.reactivex.internal.operators.flowable.FlowableTimeoutTimed$TimeoutTimedSubscriber$2,True
False,3,subreddit.android.appstore.backend.LiveWikiRepository$3,True
False,3,subreddit.android.appstore.backend.LiveWikiRepository$1,True
False,3,subreddit.android.appstore.backend.LiveWikiRepository$2,True
False,3,subreddit.android.appstore.screens.navigation.NavigationPresenter$1,True
False,3,okhttp3.internal.framed.FramedConnection$4,True
False,3,subreddit.android.appstore.util.mvp.BasePresenterActivity$1,True
False,3,com.bumptech.glide.load.engine.Engine$EngineJobFactory$1,True
False,3,com.bumptech.glide.load.engine.Engine$DecodeJobFactory$1,True
False,3,io.reactivex.internal.operators.observable.ObservableToList$1,True
False,3,io.reactivex.flowables.ConnectableFlowable$1,True
False,3,io.reactivex.internal.operators.observable.ObservableRedo$1,True
False,3,subreddit.android.appstore.backend.scrapers.gplay.GPlayScraper$2,True
False,3,io.reactivex.internal.operators.flowable.FlowableReplay$2$1,True
False,3,com.bumptech.glide.load.engine.executor.GlideExecutor$DefaultThreadFactory$1,True
False,3,com.squareup.okhttp.internal.framed.FramedConnection$4,True
False,3,nerd.tuxmobil.fahrplan.congress.ConfirmationDialog$1,True
False,3,nerd.tuxmobil.fahrplan.congress.ConfirmationDialog$2,True
False,3,nerd.tuxmobil.fahrplan.congress.SettingsActivity$SettingsFragment$1,True
False,3,org.libsdl.app.SDLJoystickHandler_API12$RangeComparator,True
False,3,org.secuso.privacyfriendly2048.activities.MainActivity$2,True
False,3,org.secuso.privacyfriendly2048.activities.MainActivity$1,True
False,3,com.bumptech.glide.RequestBuilder$1,True
False,3,com.bumptech.glide.load.engine.ActiveResources$1,True
False,3,com.bumptech.glide.load.engine.cache.SafeKeyGenerator$1,True
False,3,org.secuso.privacyfriendly2048.activities.TutorialActivity$2,True
False,3,com.bumptech.glide.load.engine.Engine$EngineJobFactory$1,True
False,3,com.bumptech.glide.load.engine.Engine$DecodeJobFactory$1,True
False,3,com.bumptech.glide.request.target.ViewTarget$1,True
False,3,com.bumptech.glide.load.engine.executor.GlideExecutor$DefaultThreadFactory$1,True
False,3,com.bumptech.glide.load.model.ModelCache$1,True
False,3,com.markuspage.android.atimetracker.Activities$2,True
False,3,com.markuspage.android.atimetracker.Activities$1,True
False,3,com.markuspage.android.atimetracker.Activities$4,True
False,3,com.markuspage.android.atimetracker.Activities$3,True
False,3,de.HS_Aalen.OptikFormelrechner.Glasberechnung$1,True
False,3,de.HS_Aalen.OptikFormelrechner.Shape$3,True
False,3,de.HS_Aalen.OptikFormelrechner.Shape$4,True
False,3,com.github.mikephil.charting.data.filter.Approximator$Line,True
False,3,de.HS_Aalen.OptikFormelrechner.Powervektoren$3,True
False,3,edu.emory.mathcs.backport.java.util.concurrent.ConcurrentHashMap$ValueIterator,True
False,3,net.fortuna.ical4j.model.component.VToDo$RefreshValidator,True
False,3,net.fortuna.ical4j.model.component.VEvent$ReplyValidator,True
False,3,edu.emory.mathcs.backport.java.util.concurrent.ConcurrentHashMap$KeyIterator,True
False,3,net.fortuna.ical4j.model.component.VToDo$CancelValidator,True
False,3,net.fortuna.ical4j.model.component.VEvent$RefreshValidator,True
False,3,net.fortuna.ical4j.model.component.VToDo$ReplyValidator,True
False,3,net.fortuna.ical4j.model.component.VEvent$DeclineCounterValidator,True
False,3,net.fortuna.ical4j.model.component.VEvent$CancelValidator,True
False,3,net.fortuna.ical4j.model.component.VFreeBusy$RequestValidator,True
False,3,net.fortuna.ical4j.model.component.VAlarm$AudioValidator,True
False,3,net.fortuna.ical4j.model.component.VAlarm$ProcedureValidator,True
False,3,edu.emory.mathcs.backport.java.util.concurrent.ConcurrentHashMap$WriteThroughEntry,True
False,3,net.fortuna.ical4j.model.component.VFreeBusy$ReplyValidator,True
False,3,net.fortuna.ical4j.model.component.VAlarm$EmailValidator,True
False,3,net.fortuna.ical4j.model.component.VAlarm$ITIPValidator,True
False,3,net.fortuna.ical4j.model.component.VJournal$PublishValidator,True
False,3,net.fortuna.ical4j.model.component.VToDo$DeclineCounterValidator,True
False,3,net.fortuna.ical4j.model.component.VAlarm$DisplayValidator,True
False,3,net.fortuna.ical4j.model.component.VJournal$CancelValidator,True
False,3,net.fortuna.ical4j.model.component.VFreeBusy$PublishValidator,True
False,3,net.fortuna.ical4j.model.component.VJournal$AddValidator,True
False,3,us.achromaticmetaphor.agram.MainActivity$6,True
False,3,us.achromaticmetaphor.agram.FileBrowser$2,True
False,3,com.angrydoughnuts.android.alarmclock.TimePicker$8,True
False,3,com.angrydoughnuts.android.alarmclock.TimePicker$1,True
False,3,com.angrydoughnuts.android.alarmclock.TimePicker$2,True
False,3,com.angrydoughnuts.android.alarmclock.TimePicker$5,True
False,3,com.angrydoughnuts.android.alarmclock.TimePicker$6,True
False,3,com.angrydoughnuts.android.alarmclock.TimePicker$10,True
False,3,com.angrydoughnuts.android.alarmclock.TimePicker$12,True
False,3,com.angrydoughnuts.android.alarmclock.AlarmOptions$OptionsView$9,True
False,3,com.angrydoughnuts.android.alarmclock.AlarmOptions$OptionsView$2,True
False,3,com.angrydoughnuts.android.alarmclock.AlarmNotificationActivity$1,True
False,3,com.angrydoughnuts.android.alarmclock.AlarmNotificationActivity$2,True
False,3,com.angrydoughnuts.android.alarmclock.AlarmClockActivity$2,True
False,3,com.angrydoughnuts.android.alarmclock.AlarmOptions$DeleteConfirmation$1,True
False,3,com.angrydoughnuts.android.alarmclock.MediaPicker$10,True
False,3,eu.uwot.fabio.altcoinprices.activities.EditPortfolioItemActivity$3,True
False,3,eu.uwot.fabio.altcoinprices.activities.MainActivity$3,True
False,3,eu.uwot.fabio.altcoinprices.activities.SettingsActivity$2,True
False,3,eu.uwot.fabio.altcoinprices.activities.SettingsActivity$1,True
False,3,eu.uwot.fabio.altcoinprices.activities.SettingsActivity$4,True
False,3,eu.uwot.fabio.altcoinprices.activities.SettingsActivity$3,True
False,3,eu.uwot.fabio.altcoinprices.activities.LoadingActivity$1,True
False,3,androidx.versionedparcelable.VersionedParcel$1,True
False,3,okhttp3.internal.http2.Http2Connection$3,True
False,3,retrofit2.ExecutorCallAdapterFactory$ExecutorCallbackCall$1,True
False,3,com.jvillalba.apod.classic.activities.ImageActivity$2,True
False,3,okhttp3.internal.ws.RealWebSocket$1,True
False,3,okhttp3.internal.ws.RealWebSocket$2,True
False,3,com.lzx.lock.activities.main.SplashActivity$2,True
False,3,com.lzx.lock.activities.main.SplashActivity$1,True
False,3,com.lzx.lock.activities.setting.LockSettingActivity$1,True
False,3,com.lzx.lock.widget.DialogPermission$1,True
False,3,androidx.versionedparcelable.VersionedParcel$1,True
False,3,org.koreader.launcher.ScreenHelper$3,True
False,3,org.koreader.launcher.Clipboard$1,True
False,3,indrora.atomic.adapter.ConversationPagerAdapter$ConversationInfo,True
False,3,org.jibble.pircbot.DccFileTransfer$1,True
False,3,indrora.atomic.activity.ConversationActivity$3,True
False,3,indrora.atomic.activity.ConversationActivity$9,True
False,3,com.viewpagerindicator.UnderlinePageIndicator$1,True
False,3,com.viewpagerindicator.UnderlinePageIndicator$2,True
False,3,indrora.atomic.dialog.CommandListView$1,True
False,3,indrora.atomic.FirstRunActivity$3,True
False,3,indrora.atomic.FirstRunActivity$2,True
False,3,indrora.atomic.FirstRunActivity$1,True
False,2,de.nproth.pin.NoteActivity$4,True
False,2,de.nproth.pin.NoteActivity$5,True
False,2,de.nproth.pin.NoteActivity$6,True
False,2,de.nproth.pin.NoteActivity$7,True
False,2,com.oF2pks.kalturadeviceinfos.MainActivity$1,True
False,2,org.droidtr.deletegapps.MainActivity$7,True
False,2,org.droidtr.deletegapps.MainActivity$6,True
False,2,org.droidtr.deletegapps.MainActivity$9,True
False,2,org.droidtr.deletegapps.MainActivity$8,True
False,2,org.droidtr.deletegapps.MainActivity$10,True
False,2,org.droidtr.deletegapps.MainActivity$11,True
False,2,org.droidtr.deletegapps.MainActivity$12,True
False,2,org.droidtr.deletegapps.MainActivity$3,True
False,2,org.droidtr.deletegapps.MainActivity$2,True
False,2,org.droidtr.deletegapps.MainActivity$4,True
False,2,de.cketti.changelog.dialog.DialogChangeLog$2,True
False,2,de.cketti.changelog.dialog.DialogChangeLog$1,True
False,2,com.badlogic.gdx.backends.android.surfaceview.GLSurfaceViewAPI18$SimpleEGLConfigChooser,True
False,2,io.github.lonamiwebs.klooni.screens.CustomizeScreen$5,True
False,2,io.github.lonamiwebs.klooni.screens.CustomizeScreen$6,True
False,2,com.badlogic.gdx.scenes.scene2d.ui.Window$2,True
False,2,com.badlogic.gdx.scenes.scene2d.ui.Dialog$1,True
False,2,com.badlogic.gdx.backends.android.AndroidFragmentApplication$2,True
False,2,com.badlogic.gdx.backends.android.AndroidInput$3,True
False,2,io.github.lonamiwebs.klooni.screens.CustomizeScreen$1,True
False,2,com.badlogic.gdx.backends.android.AndroidApplication$2,True
False,2,com.badlogic.gdx.backends.android.AndroidDaydream$2,True
False,2,com.badlogic.gdx.scenes.scene2d.ui.TextTooltip$1,True
False,2,com.badlogic.gdx.scenes.scene2d.ui.SelectBox$SelectBoxList$1,True
False,2,io.github.lonamiwebs.klooni.screens.PauseMenuStage$5,True
False,2,io.github.lonamiwebs.klooni.screens.PauseMenuStage$4,True
False,2,io.github.lonamiwebs.klooni.screens.PauseMenuStage$7,True
False,2,io.github.lonamiwebs.klooni.screens.PauseMenuStage$6,True
False,2,io.github.lonamiwebs.klooni.screens.PauseMenuStage$1,True
False,2,io.github.lonamiwebs.klooni.screens.PauseMenuStage$3,True
False,2,io.github.lonamiwebs.klooni.screens.PauseMenuStage$2,True
False,2,com.badlogic.gdx.scenes.scene2d.ui.TextField$KeyRepeatTask,True
False,2,com.badlogic.gdx.backends.android.AndroidVisibilityListener$1,True
False,2,com.badlogic.gdx.scenes.scene2d.ui.TooltipManager$1,True
False,2,io.github.lonamiwebs.klooni.screens.MainMenuScreen$2,True
False,2,io.github.lonamiwebs.klooni.screens.MainMenuScreen$1,True
False,2,io.github.lonamiwebs.klooni.screens.MainMenuScreen$4,True
False,2,io.github.lonamiwebs.klooni.screens.MainMenuScreen$3,True
False,2,com.badlogic.gdx.backends.android.AndroidMusic$1,True
False,2,com.badlogic.gdx.backends.android.AndroidOnscreenKeyboard$2,True
False,2,com.badlogic.gdx.graphics.g2d.PixmapPacker$Page$1,True
False,2,io.github.lonamiwebs.klooni.actors.MoneyBuyBand$2,True
False,2,com.badlogic.gdx.scenes.scene2d.utils.DragScrollListener$2,True
False,2,com.badlogic.gdx.scenes.scene2d.utils.DragScrollListener$1,True
False,2,com.badlogic.gdx.utils.async.AsyncExecutor$2,True
False,2,com.badlogic.gdx.utils.async.AsyncExecutor$1,True
False,2,io.github.lonamiwebs.klooni.game.PieceHolder$DropResult,True
False,2,io.reactivex.internal.operators.flowable.FlowableWindowTimed$WindowSkipSubscriber$1,True
False,2,io.reactivex.internal.operators.flowable.FlowableWindowTimed$WindowSkipSubscriber$2,True
False,2,io.reactivex.android.MainThreadDisposable$1,True
False,2,subreddit.android.appstore.screens.settings.SettingsActivity$SettingsFragment$1,True
False,2,io.reactivex.observers.SerializedObserver$1,True
False,2,io.reactivex.internal.operators.observable.ObservableWindowTimed$WindowSkipSubscriber$1,True
False,2,io.reactivex.internal.operators.observable.ObservableWindowTimed$WindowSkipSubscriber$2,True
False,2,io.reactivex.internal.schedulers.ExecutorScheduler$1,True
False,2,io.reactivex.internal.operators.completable.CompletableSubscribeOn$1,True
False,2,io.reactivex.internal.operators.completable.CompletableTimer$1,True
False,2,com.bumptech.glide.RequestManager$2,True
False,2,com.bumptech.glide.RequestManager$1,True
False,2,com.google.gson.internal.ConstructorConstructor$13,True
False,2,com.google.gson.internal.ConstructorConstructor$14,True
False,2,com.google.gson.internal.ConstructorConstructor$10,True
False,2,com.google.gson.internal.ConstructorConstructor$11,True
False,2,com.google.gson.internal.ConstructorConstructor$12,True
False,2,io.reactivex.internal.operators.observable.ObservableBufferTimed$BufferSkipBoundedSubscriber$1,True
False,2,io.reactivex.internal.operators.observable.ObservableBufferTimed$BufferSkipBoundedSubscriber$2,True
False,2,de.psdev.licensesdialog.LicensesDialog$4,True
False,2,de.psdev.licensesdialog.LicensesDialog$1,True
False,2,io.reactivex.processors.SerializedProcessor$1,True
False,2,io.reactivex.internal.operators.flowable.FlowableSubscribeOn$1,True
False,2,okhttp3.internal.http.Http2xStream$StreamFinishingSource,True
False,2,io.reactivex.internal.operators.flowable.FlowableDelay$DelaySubscriber$3,True
False,2,io.reactivex.internal.operators.flowable.FlowableDelay$DelaySubscriber$2,True
False,2,io.reactivex.internal.operators.flowable.FlowableDelay$DelaySubscriber$1,True
False,2,io.reactivex.internal.operators.single.SingleTimer$1,True
False,2,subreddit.android.appstore.screens.settings.AboutActivity$1,True
False,2,io.reactivex.internal.operators.observable.ObservableUnsubscribeOn$UnsubscribeSubscriber$1,True
False,2,io.reactivex.internal.operators.observable.ObservableDelay$DelaySubscriber$2,True
False,2,io.reactivex.internal.operators.observable.ObservableDelay$DelaySubscriber$1,True
False,2,io.reactivex.internal.operators.observable.ObservableDelay$DelaySubscriber$3,True
False,2,io.reactivex.internal.operators.observable.ObservableSubscribeOn$1,True
False,2,io.reactivex.internal.operators.observable.ObservableWithLatestFromMany$1,True
False,2,io.reactivex.internal.operators.single.SingleSubscribeOn$1,True
False,2,io.reactivex.internal.schedulers.TrampolineScheduler$TrampolineWorker$1,True
False,2,com.google.gson.internal.ConstructorConstructor$4,True
False,2,com.google.gson.internal.ConstructorConstructor$3,True
False,2,com.google.gson.internal.ConstructorConstructor$2,True
False,2,com.google.gson.internal.ConstructorConstructor$1,True
False,2,com.google.gson.internal.ConstructorConstructor$9,True
False,2,com.google.gson.internal.ConstructorConstructor$8,True
False,2,com.google.gson.internal.ConstructorConstructor$7,True
False,2,com.google.gson.internal.ConstructorConstructor$6,True
False,2,io.reactivex.internal.operators.flowable.FlowableSubscribeOn$SubscribeOnSubscriber$1,True
False,2,subreddit.android.appstore.screens.details.AppDetailsFragment$2,True
False,2,subreddit.android.appstore.screens.details.AppDetailsFragment$1,True
False,2,io.reactivex.internal.operators.flowable.FlowableCombineLatest$1,True
False,2,okhttp3.internal.framed.FramedConnection$7,True
False,2,okhttp3.internal.framed.FramedConnection$3,True
False,2,okhttp3.internal.framed.FramedConnection$2,True
False,2,okhttp3.internal.framed.FramedConnection$1,True
False,2,io.reactivex.internal.schedulers.IoScheduler$CachedWorkerPool$1,True
False,2,subreddit.android.appstore.screens.navigation.NavigationFragment$1,True
False,2,okhttp3.Cache$CacheResponseBody$1,True
False,2,io.reactivex.internal.schedulers.ExecutorScheduler$ExecutorWorker$1,True
False,2,com.bumptech.glide.GlideBuilder$1,True
False,2,io.reactivex.subjects.SerializedSubject$1,True
False,2,io.reactivex.subscribers.SerializedSubscriber$1,True
False,2,io.reactivex.internal.operators.flowable.FlowableBufferTimed$BufferSkipBoundedSubscriber$2,True
False,2,io.reactivex.internal.operators.flowable.FlowableBufferTimed$BufferSkipBoundedSubscriber$1,True
False,2,com.bumptech.glide.request.transition.BitmapContainerTransitionFactory$BitmapGlideAnimation,True
False,2,io.reactivex.internal.operators.flowable.FlowableWithLatestFromMany$1,True
False,2,io.reactivex.internal.operators.flowable.FlowableUnsubscribeOn$UnsubscribeSubscriber$1,True
False,2,io.reactivex.Scheduler$1,True
False,2,uk.me.jstott.sun.SunTimesPanel$1,True
False,2,com.squareup.okhttp.internal.http.Http2xStream$StreamFinishingSource,True
False,2,com.squareup.okhttp.internal.framed.FramedConnection$7,True
False,2,com.squareup.okhttp.internal.framed.FramedConnection$1,True
False,2,com.squareup.okhttp.internal.framed.FramedConnection$2,True
False,2,com.squareup.okhttp.internal.framed.FramedConnection$3,True
False,2,nerd.tuxmobil.fahrplan.congress.ChangesDialog$2,True
False,2,nerd.tuxmobil.fahrplan.congress.ChangesDialog$1,True
False,2,nerd.tuxmobil.fahrplan.congress.AlarmTimePickerFragment$1,True
False,2,nerd.tuxmobil.fahrplan.congress.FahrplanFragment$3,True
False,2,nerd.tuxmobil.fahrplan.congress.FahrplanFragment$4,True
False,2,nerd.tuxmobil.fahrplan.congress.FahrplanFragment$1,True
False,2,nerd.tuxmobil.fahrplan.congress.FahrplanFragment$2,True
False,2,nerd.tuxmobil.fahrplan.congress.HorizontalSnapScrollView$1,True
False,2,nerd.tuxmobil.fahrplan.congress.CertificateDialogFragment$1,True
False,2,nerd.tuxmobil.fahrplan.congress.SettingsActivity$SettingsFragment$4,True
False,2,nerd.tuxmobil.fahrplan.congress.SettingsActivity$SettingsFragment$2,True
False,2,nerd.tuxmobil.fahrplan.congress.SettingsActivity$SettingsFragment$3,True
False,2,org.libsdl.app.SDLActivity$1,True
False,2,org.secuso.privacyfriendly2048.activities.MainActivity$3,True
False,2,org.secuso.privacyfriendly2048.activities.MainActivity$4,True
False,2,com.bumptech.glide.load.engine.ActiveResources$2,True
False,2,com.bumptech.glide.RequestManager$2,True
False,2,com.bumptech.glide.RequestManager$1,True
False,2,org.secuso.privacyfriendly2048.activities.TutorialActivity$1,True
False,2,org.secuso.privacyfriendly2048.activities.helper.BaseActivity$1,True
False,2,com.bumptech.glide.load.engine.DecodeJob$DecodeCallback,True
False,2,org.secuso.privacyfriendly2048.activities.GameActivity$7,True
False,2,org.secuso.privacyfriendly2048.activities.GameActivity$4,True
False,2,org.secuso.privacyfriendly2048.activities.GameActivity$5,True
False,2,org.secuso.privacyfriendly2048.activities.GameActivity$6,True
False,2,org.secuso.privacyfriendly2048.activities.GameActivity$1,True
False,2,com.bumptech.glide.request.transition.BitmapContainerTransitionFactory$BitmapGlideAnimation,True
False,2,com.markuspage.android.atimetracker.Activities$6,True
False,2,com.markuspage.android.atimetracker.Activities$5,True
False,2,com.markuspage.android.atimetracker.Activities$8,True
False,2,com.markuspage.android.atimetracker.Activities$7,True
False,2,com.markuspage.android.atimetracker.Report$1,True
False,2,com.markuspage.android.atimetracker.Settings$1,True
False,2,com.markuspage.android.atimetracker.Settings$2,True
False,2,com.github.mikephil.charting.charts.Chart$1,True
False,2,de.HS_Aalen.OptikFormelrechner.Powervektoren$2,True
False,2,com.github.mikephil.charting.charts.BarLineChartBase$1,True
False,2,de.HS_Aalen.OptikFormelrechner.HSA_Umrechner$6,True
False,2,de.HS_Aalen.OptikFormelrechner.HSA_Umrechner$5,True
False,2,com.github.mikephil.charting.charts.PieRadarChartBase$1,True
False,2,edu.emory.mathcs.backport.java.util.concurrent.ConcurrentSkipListMap$EntryIterator,True
False,2,edu.emory.mathcs.backport.java.util.TreeMap$EntryIterator,True
False,2,edu.emory.mathcs.backport.java.util.TreeMap$DescendingKeyIterator,True
False,2,edu.emory.mathcs.backport.java.util.concurrent.ExecutorCompletionService$QueueingFuture,True
False,2,edu.emory.mathcs.backport.java.util.TreeMap$ValueIterator,True
False,2,edu.emory.mathcs.backport.java.util.TreeMap$DescendingEntryIterator,True
False,2,edu.emory.mathcs.backport.java.util.TreeMap$DescendingEntrySet,True
False,2,edu.emory.mathcs.backport.java.util.concurrent.ThreadPoolExecutor$Worker,True
False,2,edu.emory.mathcs.backport.java.util.concurrent.ConcurrentSkipListMap$ValueIterator,True
False,2,edu.emory.mathcs.backport.java.util.concurrent.ConcurrentHashMap$EntryIterator,True
False,2,edu.emory.mathcs.backport.java.util.concurrent.ConcurrentSkipListMap$SubMap$SubMapValueIterator,True
False,2,edu.emory.mathcs.backport.java.util.concurrent.ConcurrentSkipListMap$SubMap$SubMapEntryIterator,True
False,2,edu.emory.mathcs.backport.java.util.TreeMap$KeyIterator,True
False,2,edu.emory.mathcs.backport.java.util.concurrent.ConcurrentSkipListMap$KeyIterator,True
False,2,edu.emory.mathcs.backport.java.util.concurrent.ConcurrentSkipListMap$SubMap$SubMapKeyIterator,True
False,2,edu.emory.mathcs.backport.java.util.TreeMap$DescendingValueIterator,True
False,2,us.achromaticmetaphor.agram.MainActivity$4,True
False,2,us.achromaticmetaphor.agram.MainActivity$3,True
False,2,us.achromaticmetaphor.agram.AnagramActivity$2,True
False,2,us.achromaticmetaphor.agram.AnagramActivity$3,True
False,2,us.achromaticmetaphor.agram.AnagramActivity$4,True
False,2,com.angrydoughnuts.android.alarmclock.AlarmOptions$1,True
False,2,com.angrydoughnuts.android.alarmclock.AlarmNotificationService$ActiveAlarms$2,True
False,2,com.angrydoughnuts.android.alarmclock.TimePicker$9,True
False,2,com.angrydoughnuts.android.alarmclock.TimePicker$7,True
False,2,com.angrydoughnuts.android.alarmclock.MediaPicker$MediaQuery,True
False,2,com.angrydoughnuts.android.alarmclock.MediaPicker$2,True
False,2,com.angrydoughnuts.android.alarmclock.MediaPicker$1,True
False,2,com.angrydoughnuts.android.alarmclock.MediaPicker$6,True
False,2,com.angrydoughnuts.android.alarmclock.MediaPicker$4,True
False,2,com.angrydoughnuts.android.alarmclock.MediaPicker$3,True
False,2,com.angrydoughnuts.android.alarmclock.MediaPicker$8,True
False,2,com.angrydoughnuts.android.alarmclock.MediaPicker$7,True
False,2,com.angrydoughnuts.android.alarmclock.TimePicker$13,True
False,2,com.angrydoughnuts.android.alarmclock.TimePicker$11,True
False,2,com.angrydoughnuts.android.alarmclock.AlarmOptions$OptionsView$7,True
False,2,com.angrydoughnuts.android.alarmclock.AlarmOptions$OptionsView$8,True
False,2,com.angrydoughnuts.android.alarmclock.AlarmOptions$OptionsView$1,True
False,2,com.angrydoughnuts.android.alarmclock.AlarmOptions$OptionsView$3,True
False,2,com.angrydoughnuts.android.alarmclock.AlarmOptions$OptionsView$5,True
False,2,com.angrydoughnuts.android.alarmclock.AlarmNotificationActivity$3,True
False,2,com.angrydoughnuts.android.alarmclock.AlarmNotificationActivity$4,True
False,2,com.angrydoughnuts.android.alarmclock.MediaPicker$PickerQuery,True
False,2,com.angrydoughnuts.android.alarmclock.AlarmClockActivity$7,True
False,2,com.angrydoughnuts.android.alarmclock.AlarmClockActivity$8,True
False,2,com.angrydoughnuts.android.alarmclock.AlarmClockActivity$1,True
False,2,com.angrydoughnuts.android.alarmclock.AlarmClockActivity$4,True
False,2,com.angrydoughnuts.android.alarmclock.AlarmClockActivity$6,True
False,2,eu.uwot.fabio.altcoinprices.activities.EditPortfolioItemActivity$5,True
False,2,eu.uwot.fabio.altcoinprices.activities.EditPortfolioItemActivity$6,True
False,2,eu.uwot.fabio.altcoinprices.activities.MainActivity$2,True
False,2,eu.uwot.fabio.altcoinprices.activities.MainActivity$1,True
False,2,eu.uwot.fabio.altcoinprices.activities.MainActivity$5,True
False,2,eu.uwot.fabio.altcoinprices.activities.EditCustomCoinActivity$2,True
False,2,eu.uwot.fabio.altcoinprices.activities.SettingsActivity$8,True
False,2,eu.uwot.fabio.altcoinprices.activities.LoadingActivity$2,True
False,2,eu.uwot.fabio.altcoinprices.activities.ManageCustomCoinsActivity$2,True
False,2,eu.uwot.fabio.altcoinprices.activities.ManageCustomCoinsActivity$1,True
False,2,eu.uwot.fabio.altcoinprices.activities.AddNewPortfolioItemActivity$4,True
False,2,eu.uwot.fabio.altcoinprices.activities.AddNewPortfolioItemActivity$5,True
False,2,eu.uwot.fabio.altcoinprices.activities.AddCustomCoinActivity$2,True
False,2,calculator.GLView$1,True
False,2,com.squareup.picasso.Dispatcher$DispatcherHandler$1,True
False,2,com.jvillalba.apod.classic.activities.ViewActivity$1,True
False,2,com.google.gson.internal.ConstructorConstructor$4,True
False,2,com.google.gson.internal.ConstructorConstructor$3,True
False,2,com.google.gson.internal.ConstructorConstructor$2,True
False,2,com.google.gson.internal.ConstructorConstructor$1,True
False,2,com.google.gson.internal.ConstructorConstructor$9,True
False,2,com.google.gson.internal.ConstructorConstructor$8,True
False,2,com.google.gson.internal.ConstructorConstructor$7,True
False,2,com.google.gson.internal.ConstructorConstructor$6,True
False,2,com.squareup.picasso.Dispatcher$1,True
False,2,okhttp3.internal.ws.RealWebSocket$PingRunnable,True
False,2,com.jvillalba.apod.classic.activities.MainActivity$1,True
False,2,com.google.gson.internal.ConstructorConstructor$13,True
False,2,com.google.gson.internal.ConstructorConstructor$14,True
False,2,com.google.gson.internal.ConstructorConstructor$10,True
False,2,com.google.gson.internal.ConstructorConstructor$11,True
False,2,com.google.gson.internal.ConstructorConstructor$12,True
False,2,com.jvillalba.apod.classic.adapter.MyAdapter$ViewHolder,True
False,2,okhttp3.internal.http2.Http2Connection$6,True
False,2,okhttp3.internal.http2.Http2Connection$2,True
False,2,okhttp3.internal.http2.Http2Connection$1,True
False,2,okhttp3.Cache$CacheResponseBody$1,True
False,2,okhttp3.internal.ws.RealWebSocket$CancelRunnable,True
False,2,retrofit2.OkHttpCall$ExceptionCatchingRequestBody$1,True
False,2,com.squareup.picasso.Picasso$CleanupThread$1,True
False,2,com.squareup.picasso.Stats$StatsHandler$1,True
False,2,okhttp3.internal.http2.Http2Connection$PingRunnable,True
False,2,com.jvillalba.apod.classic.activities.ImageActivity$3,True
False,2,com.jvillalba.apod.classic.activities.ImageActivity$4,True
False,2,com.jvillalba.apod.classic.activities.ImageActivity$1,True
False,2,okhttp3.internal.connection.RealConnection$1,True
False,2,com.lzx.lock.activities.main.MainActivity$1,True
False,2,com.lzx.lock.widget.SelectLockTimeDialog$1,True
False,2,com.lzx.lock.activities.lock.GestureCreateActivity$2,True
False,2,com.lzx.lock.activities.lock.GestureCreateActivity$1,True
False,2,com.lzx.lock.base.BaseActivity$1,True
False,2,com.lzx.lock.widget.LockPatternViewPattern$1,True
False,2,com.lzx.lock.activities.lock.GestureUnlockActivity$1,True
False,2,io.github.subhamtyagi.crashreporter.ui.CrashReporterActivity$2,True
False,2,com.lzx.lock.activities.pwd.CreatePwdActivity$1,True
False,2,com.lzx.lock.activities.pwd.CreatePwdActivity$2,True
False,2,io.github.subhamtyagi.crashreporter.adapter.CrashLogAdapter$CrashLogViewHolder,True
False,2,com.lzx.lock.adapters.MainAdapter$1,True
False,2,com.lzx.lock.widget.DialogSearch$2,True
False,2,com.lzx.lock.activities.lock.GestureSelfUnlockActivity$1,True
False,2,org.koreader.launcher.MainActivity$1,True
False,2,org.koreader.launcher.MainActivity$2,True
False,2,org.koreader.launcher.Clipboard$Box,True
False,2,org.koreader.launcher.MainActivity$6,True
False,2,org.koreader.launcher.MainActivity$3,True
False,2,org.koreader.launcher.MainActivity$4,True
False,2,org.koreader.launcher.ScreenHelper$Box,True
False,2,org.koreader.launcher.ScreenHelper$2,True
False,2,org.koreader.launcher.ScreenHelper$1,True
False,2,org.koreader.launcher.Clipboard$2,True
False,2,com.viewpagerindicator.TabPageIndicator$2,True
False,2,org.jibble.pircbot.DccManager$1,True
False,2,indrora.atomic.dialog.AddAliasView$1,True
False,2,indrora.atomic.activity.ConversationActivity$6,True
False,2,indrora.atomic.activity.ConversationActivity$5,True
False,2,indrora.atomic.activity.ConversationActivity$8,True
False,2,indrora.atomic.activity.ConversationActivity$7,True
False,2,indrora.atomic.activity.ConversationActivity$2,True
False,2,de.duenndns.ssl.MemorizingTrustManager$1,True
False,2,indrora.atomic.dialog.CommandListView$2,True
False,2,indrora.atomic.activity.ForgetCertificatesActivity$1,True
False,2,indrora.atomic.activity.ForgetCertificatesActivity$2,True
False,2,indrora.atomic.irc.IRCConnection$2,True
False,2,indrora.atomic.activity.AddServerActivity$1,True
False,2,indrora.atomic.activity.AddServerActivity$3,True
False,2,indrora.atomic.activity.AddServerActivity$2,True
False,2,indrora.atomic.activity.AddServerActivity$5,True
False,2,indrora.atomic.activity.AddServerActivity$4,True
False,2,indrora.atomic.dialog.AddChannelView$1,True
False,2,indrora.atomic.activity.ConversationActivity$11,True
False,2,indrora.atomic.activity.ConversationActivity$10,True
False,2,afzkl.development.colorpickerview.view.ColorPickerView$BitmapCache,True
False,2,indrora.atomic.FirstRunActivity$5,True
False,2,indrora.atomic.FirstRunActivity$4,True
False,1,com.badlogic.gdx.graphics.g3d.loader.ObjLoader$Group,True
False,1,com.badlogic.gdx.backends.android.AndroidGraphics$AndroidDisplayMode,True
False,1,com.badlogic.gdx.input.RemoteInput$TouchEvent,True
False,1,com.badlogic.gdx.input.RemoteInput$KeyEvent,True
False,1,com.badlogic.gdx.graphics.g3d.particles.ParallelArray$Channel,True
False,1,com.badlogic.gdx.backends.android.AndroidGraphics$AndroidMonitor,True
False,1,com.badlogic.gdx.math.CumulativeDistribution$CumulativeValue,True
False,1,org.libsdl.app.SDLJoystickHandler_API12$SDLJoystick,True
False,1,com.github.mikephil.charting.listener.PieRadarChartTouchListener$AngularVelocitySample,True
False,1,com.angrydoughnuts.android.alarmclock.MediaPicker$ArtistsQuery,True
False,1,com.angrydoughnuts.android.alarmclock.MediaPicker$ExtraEntry,True
False,1,com.angrydoughnuts.android.alarmclock.MediaPicker$AlbumsQuery,True
False,1,eu.uwot.fabio.altcoinprices.activities.ManageCustomCoinsActivity$CustomCoin,True
False,1,eu.uwot.fabio.altcoinprices.utils.Coin$2,True
False,1,eu.uwot.fabio.altcoinprices.utils.Coin$1,True
False,1,eu.uwot.fabio.altcoinprices.activities.MainActivity$PortfolioItem,True
False,1,com.lzx.lock.adapters.SelectTimeAdapter$ViewHolder,True
False,1,org.litepal.crud.DataHandler$QueryInfoCache,True
False,1,indrora.atomic.FirstRunActivity$HelpTopic,True
