app_key,full_name
e3b13fa4980e15279714dd39db670d3c95ee6b30,G#com.fairphone.fplauncher3.jl
e3b13fa4980e15279714dd39db670d3c95ee6b30,a#com.a.a.c.a
e3b13fa4980e15279714dd39db670d3c95ee6b30,a#com.b.a.a.f
e3b13fa4980e15279714dd39db670d3c95ee6b30,a#com.b.a.a.f
e3b13fa4980e15279714dd39db670d3c95ee6b30,a#com.fairphone.fplauncher3.CropView
e3b13fa4980e15279714dd39db670d3c95ee6b30,a#com.fairphone.fplauncher3.ma
e3b13fa4980e15279714dd39db670d3c95ee6b30,a#com.fairphone.fplauncher3.ma
e3b13fa4980e15279714dd39db670d3c95ee6b30,accept#io.reactivex.internal.operators.flowable.FlowableWindowBoundary$WindowBoundaryMainSubscriber
e3b13fa4980e15279714dd39db670d3c95ee6b30,accept#io.reactivex.internal.operators.flowable.FlowableWindowBoundarySelector$WindowBoundaryMainSubscriber
e3b13fa4980e15279714dd39db670d3c95ee6b30,accept#io.reactivex.internal.operators.flowable.FlowableWindowBoundarySupplier$WindowBoundaryMainSubscriber
e3b13fa4980e15279714dd39db670d3c95ee6b30,accept#io.reactivex.internal.operators.flowable.FlowableWindowTimed$WindowExactBoundedSubscriber
e3b13fa4980e15279714dd39db670d3c95ee6b30,accept#io.reactivex.internal.operators.flowable.FlowableWindowTimed$WindowExactUnboundedSubscriber
e3b13fa4980e15279714dd39db670d3c95ee6b30,accept#io.reactivex.internal.operators.flowable.FlowableWindowTimed$WindowSkipSubscriber
e3b13fa4980e15279714dd39db670d3c95ee6b30,accept#io.reactivex.internal.operators.observable.ObservableBlockingSubscribe$3
e3b13fa4980e15279714dd39db670d3c95ee6b30,accept#io.reactivex.internal.operators.observable.ObservableWindowBoundary$WindowBoundaryMainSubscriber
e3b13fa4980e15279714dd39db670d3c95ee6b30,accept#io.reactivex.internal.operators.observable.ObservableWindowBoundarySelector$WindowBoundaryMainSubscriber
e3b13fa4980e15279714dd39db670d3c95ee6b30,accept#io.reactivex.internal.operators.observable.ObservableWindowBoundarySupplier$WindowBoundaryMainSubscriber
e3b13fa4980e15279714dd39db670d3c95ee6b30,accept#io.reactivex.internal.operators.observable.ObservableWindowTimed$WindowExactBoundedSubscriber
e3b13fa4980e15279714dd39db670d3c95ee6b30,accept#io.reactivex.internal.operators.observable.ObservableWindowTimed$WindowExactUnboundedSubscriber
e3b13fa4980e15279714dd39db670d3c95ee6b30,accept#io.reactivex.internal.operators.observable.ObservableWindowTimed$WindowSkipSubscriber
e3b13fa4980e15279714dd39db670d3c95ee6b30,addBar#com.github.mikephil.charting.buffer.BarBuffer
e3b13fa4980e15279714dd39db670d3c95ee6b30,afterDownstream#io.reactivex.internal.subscribers.flowable.BasicFuseableConditionalSubscriber
e3b13fa4980e15279714dd39db670d3c95ee6b30,afterDownstream#io.reactivex.internal.subscribers.flowable.BasicFuseableSubscriber
e3b13fa4980e15279714dd39db670d3c95ee6b30,afterDownstream#io.reactivex.internal.subscribers.observable.BasicFuseableObserver
e3b13fa4980e15279714dd39db670d3c95ee6b30,afterExecute#edu.emory.mathcs.backport.java.util.concurrent.ThreadPoolExecutor
e3b13fa4980e15279714dd39db670d3c95ee6b30,afterHandshake#com.squareup.okhttp.internal.Platform
e3b13fa4980e15279714dd39db670d3c95ee6b30,afterHandshake#okhttp3.internal.platform.Platform
e3b13fa4980e15279714dd39db670d3c95ee6b30,afterHandshake#okhttp3.internal.platform.Platform
e3b13fa4980e15279714dd39db670d3c95ee6b30,allocateChannels#com.badlogic.gdx.graphics.g3d.particles.ParticleControllerComponent
e3b13fa4980e15279714dd39db670d3c95ee6b30,asBitmapDrawable#com.bumptech.glide.load.resource.bitmap.DrawableTransformation
e3b13fa4980e15279714dd39db670d3c95ee6b30,b#com.fairphone.fplauncher3.CropView
e3b13fa4980e15279714dd39db670d3c95ee6b30,b#com.fairphone.fplauncher3.ma
e3b13fa4980e15279714dd39db670d3c95ee6b30,b#com.fairphone.fplauncher3.ma
e3b13fa4980e15279714dd39db670d3c95ee6b30,b_#com.fairphone.fplauncher3.dx
e3b13fa4980e15279714dd39db670d3c95ee6b30,beforeDownstream#io.reactivex.internal.subscribers.flowable.BasicFuseableConditionalSubscriber
e3b13fa4980e15279714dd39db670d3c95ee6b30,beforeDownstream#io.reactivex.internal.subscribers.flowable.BasicFuseableSubscriber
e3b13fa4980e15279714dd39db670d3c95ee6b30,beforeDownstream#io.reactivex.internal.subscribers.observable.BasicFuseableObserver
e3b13fa4980e15279714dd39db670d3c95ee6b30,beforeExecute#edu.emory.mathcs.backport.java.util.concurrent.ThreadPoolExecutor
e3b13fa4980e15279714dd39db670d3c95ee6b30,begin#com.badlogic.gdx.scenes.scene2d.actions.TemporalAction
e3b13fa4980e15279714dd39db670d3c95ee6b30,c#com.fairphone.fplauncher3.ma
e3b13fa4980e15279714dd39db670d3c95ee6b30,calcElementOffset#io.reactivex.internal.queue.BaseArrayQueue
e3b13fa4980e15279714dd39db670d3c95ee6b30,callEnd#okhttp3.EventListener
e3b13fa4980e15279714dd39db670d3c95ee6b30,callFailed#okhttp3.EventListener
e3b13fa4980e15279714dd39db670d3c95ee6b30,callStart#okhttp3.EventListener
e3b13fa4980e15279714dd39db670d3c95ee6b30,canZoomIn#calculator.Graph3dView
e3b13fa4980e15279714dd39db670d3c95ee6b30,canZoomOut#calculator.Graph3dView
e3b13fa4980e15279714dd39db670d3c95ee6b30,cancel#io.reactivex.internal.subscriptions.EmptySubscription
e3b13fa4980e15279714dd39db670d3c95ee6b30,castView#butterknife.internal.Finder
e3b13fa4980e15279714dd39db670d3c95ee6b30,changed#com.badlogic.gdx.scenes.scene2d.utils.Selection
e3b13fa4980e15279714dd39db670d3c95ee6b30,childrenChanged#com.badlogic.gdx.scenes.scene2d.Group
e3b13fa4980e15279714dd39db670d3c95ee6b30,clear#io.reactivex.internal.disposables.EmptyDisposable
e3b13fa4980e15279714dd39db670d3c95ee6b30,clear#io.reactivex.internal.operators.flowable.FlowableFromIterable$BaseRangeSubscription
e3b13fa4980e15279714dd39db670d3c95ee6b30,clear#io.reactivex.internal.operators.flowable.FlowableIgnoreElements$IgnoreElementsSubscriber
e3b13fa4980e15279714dd39db670d3c95ee6b30,clear#io.reactivex.internal.subscriptions.EmptySubscription
e3b13fa4980e15279714dd39db670d3c95ee6b30,clearAllWhiteList#com.lzx.lock.LockApplication
e3b13fa4980e15279714dd39db670d3c95ee6b30,clicked#com.badlogic.gdx.scenes.scene2d.utils.ClickListener
e3b13fa4980e15279714dd39db670d3c95ee6b30,close#okio.Buffer
e3b13fa4980e15279714dd39db670d3c95ee6b30,close#okio.Buffer
e3b13fa4980e15279714dd39db670d3c95ee6b30,close#okio.Buffer
e3b13fa4980e15279714dd39db670d3c95ee6b30,compare#com.badlogic.gdx.graphics.g2d.TextureAtlas$1
e3b13fa4980e15279714dd39db670d3c95ee6b30,compare#com.badlogic.gdx.graphics.g3d.Attributes
e3b13fa4980e15279714dd39db670d3c95ee6b30,compare#de.cketti.changelog.MergedChangeLogProvider$VersionCodeComparator
e3b13fa4980e15279714dd39db670d3c95ee6b30,compare#nerd.tuxmobil.fahrplan.congress.FahrplanFragment$5
e3b13fa4980e15279714dd39db670d3c95ee6b30,compareTo#com.badlogic.gdx.graphics.g3d.attributes.DirectionalLightsAttribute
e3b13fa4980e15279714dd39db670d3c95ee6b30,compareTo#com.badlogic.gdx.graphics.g3d.attributes.PointLightsAttribute
e3b13fa4980e15279714dd39db670d3c95ee6b30,compareTo#com.badlogic.gdx.graphics.g3d.attributes.SpotLightsAttribute
e3b13fa4980e15279714dd39db670d3c95ee6b30,configureTlsExtensions#com.squareup.okhttp.internal.Platform
e3b13fa4980e15279714dd39db670d3c95ee6b30,configureTlsExtensions#okhttp3.internal.platform.Platform
e3b13fa4980e15279714dd39db670d3c95ee6b30,configureTlsExtensions#okhttp3.internal.platform.Platform
e3b13fa4980e15279714dd39db670d3c95ee6b30,connectEnd#okhttp3.EventListener
e3b13fa4980e15279714dd39db670d3c95ee6b30,connectFailed#okhttp3.EventListener
e3b13fa4980e15279714dd39db670d3c95ee6b30,connectStart#okhttp3.EventListener
e3b13fa4980e15279714dd39db670d3c95ee6b30,connectionAcquired#okhttp3.EventListener
e3b13fa4980e15279714dd39db670d3c95ee6b30,connectionReleased#okhttp3.EventListener
e3b13fa4980e15279714dd39db670d3c95ee6b30,contentLength#okhttp3.RequestBody
e3b13fa4980e15279714dd39db670d3c95ee6b30,contentLength#okhttp3.RequestBody
e3b13fa4980e15279714dd39db670d3c95ee6b30,convert#retrofit2.BuiltInConverters$RequestBodyConverter
e3b13fa4980e15279714dd39db670d3c95ee6b30,convert#retrofit2.BuiltInConverters$StreamingResponseBodyConverter
e3b13fa4980e15279714dd39db670d3c95ee6b30,d#com.fairphone.fplauncher3.jl
e3b13fa4980e15279714dd39db670d3c95ee6b30,d#com.fairphone.fplauncher3.le
e3b13fa4980e15279714dd39db670d3c95ee6b30,defaultCallbackExecutor#retrofit2.Platform
e3b13fa4980e15279714dd39db670d3c95ee6b30,dispose#io.reactivex.internal.disposables.EmptyDisposable
e3b13fa4980e15279714dd39db670d3c95ee6b30,dispose#io.reactivex.internal.schedulers.ImmediateThinScheduler$ImmediateThinWorker
e3b13fa4980e15279714dd39db670d3c95ee6b30,distance2#calculator.GraphView
e3b13fa4980e15279714dd39db670d3c95ee6b30,dnsEnd#okhttp3.EventListener
e3b13fa4980e15279714dd39db670d3c95ee6b30,dnsStart#okhttp3.EventListener
e3b13fa4980e15279714dd39db670d3c95ee6b30,done#edu.emory.mathcs.backport.java.util.concurrent.FutureTask
e3b13fa4980e15279714dd39db670d3c95ee6b30,drag#com.badlogic.gdx.scenes.scene2d.utils.DragListener
e3b13fa4980e15279714dd39db670d3c95ee6b30,dragStart#com.badlogic.gdx.scenes.scene2d.utils.DragListener
e3b13fa4980e15279714dd39db670d3c95ee6b30,dragStop#com.badlogic.gdx.scenes.scene2d.utils.DragListener
e3b13fa4980e15279714dd39db670d3c95ee6b30,draw#com.badlogic.gdx.scenes.scene2d.Actor
e3b13fa4980e15279714dd39db670d3c95ee6b30,e#com.fairphone.fplauncher3.jl
e3b13fa4980e15279714dd39db670d3c95ee6b30,emitCompleteSegments#okio.Buffer
e3b13fa4980e15279714dd39db670d3c95ee6b30,emitCompleteSegments#okio.Buffer
e3b13fa4980e15279714dd39db670d3c95ee6b30,emitCompleteSegments#okio.Buffer
e3b13fa4980e15279714dd39db670d3c95ee6b30,end#com.badlogic.gdx.graphics.g3d.particles.ParticleControllerComponent
e3b13fa4980e15279714dd39db670d3c95ee6b30,end#com.badlogic.gdx.scenes.scene2d.actions.TemporalAction
e3b13fa4980e15279714dd39db670d3c95ee6b30,ensureSize#com.badlogic.gdx.scenes.scene2d.ui.Table
e3b13fa4980e15279714dd39db670d3c95ee6b30,enter#com.badlogic.gdx.scenes.scene2d.InputListener
e3b13fa4980e15279714dd39db670d3c95ee6b30,enterTransform#io.reactivex.internal.operators.flowable.FlowableReplay$BoundedReplayBuffer
e3b13fa4980e15279714dd39db670d3c95ee6b30,enterTransform#io.reactivex.internal.operators.observable.ObservableReplay$BoundedReplayBuffer
e3b13fa4980e15279714dd39db670d3c95ee6b30,equals#com.badlogic.gdx.graphics.g3d.particles.ParticleShader
e3b13fa4980e15279714dd39db670d3c95ee6b30,equals#com.badlogic.gdx.graphics.g3d.shaders.DefaultShader
e3b13fa4980e15279714dd39db670d3c95ee6b30,exit#com.badlogic.gdx.backends.android.AndroidLiveWallpaper
e3b13fa4980e15279714dd39db670d3c95ee6b30,exit#com.badlogic.gdx.scenes.scene2d.InputListener
e3b13fa4980e15279714dd39db670d3c95ee6b30,fling#com.badlogic.gdx.scenes.scene2d.utils.ActorGestureListener
e3b13fa4980e15279714dd39db670d3c95ee6b30,floatToByte#calculator.Graph3d
e3b13fa4980e15279714dd39db670d3c95ee6b30,flush#okio.Buffer
e3b13fa4980e15279714dd39db670d3c95ee6b30,gameOverReason#io.github.lonamiwebs.klooni.game.BaseScorer
e3b13fa4980e15279714dd39db670d3c95ee6b30,getArrayLength#com.bumptech.glide.load.engine.bitmap_recycle.ByteArrayAdapter
e3b13fa4980e15279714dd39db670d3c95ee6b30,getArrayLength#com.bumptech.glide.load.engine.bitmap_recycle.ByteArrayAdapter
e3b13fa4980e15279714dd39db670d3c95ee6b30,getArrayLength#com.bumptech.glide.load.engine.bitmap_recycle.IntegerArrayAdapter
e3b13fa4980e15279714dd39db670d3c95ee6b30,getArrayLength#com.bumptech.glide.load.engine.bitmap_recycle.IntegerArrayAdapter
e3b13fa4980e15279714dd39db670d3c95ee6b30,getBitmap#com.bumptech.glide.request.transition.BitmapTransitionFactory
e3b13fa4980e15279714dd39db670d3c95ee6b30,getBitmap#com.bumptech.glide.request.transition.BitmapTransitionFactory
e3b13fa4980e15279714dd39db670d3c95ee6b30,getChildId#org.secuso.privacyfriendly2048.activities.adapter.HelpExpandableListAdapter
e3b13fa4980e15279714dd39db670d3c95ee6b30,getDataClass#com.bumptech.glide.load.data.AssetFileDescriptorLocalUriFetcher
e3b13fa4980e15279714dd39db670d3c95ee6b30,getDataClass#com.bumptech.glide.load.data.FileDescriptorAssetPathFetcher
e3b13fa4980e15279714dd39db670d3c95ee6b30,getDataClass#com.bumptech.glide.load.data.FileDescriptorAssetPathFetcher
e3b13fa4980e15279714dd39db670d3c95ee6b30,getDataClass#com.bumptech.glide.load.data.FileDescriptorLocalUriFetcher
e3b13fa4980e15279714dd39db670d3c95ee6b30,getDataClass#com.bumptech.glide.load.data.FileDescriptorLocalUriFetcher
e3b13fa4980e15279714dd39db670d3c95ee6b30,getDataClass#com.bumptech.glide.load.data.StreamAssetPathFetcher
e3b13fa4980e15279714dd39db670d3c95ee6b30,getDataClass#com.bumptech.glide.load.data.StreamAssetPathFetcher
e3b13fa4980e15279714dd39db670d3c95ee6b30,getDataClass#com.bumptech.glide.load.data.StreamLocalUriFetcher
e3b13fa4980e15279714dd39db670d3c95ee6b30,getDataClass#com.bumptech.glide.load.data.StreamLocalUriFetcher
e3b13fa4980e15279714dd39db670d3c95ee6b30,getDependencies#com.badlogic.gdx.assets.loaders.CubemapLoader
e3b13fa4980e15279714dd39db670d3c95ee6b30,getDependencies#com.badlogic.gdx.assets.loaders.I18NBundleLoader
e3b13fa4980e15279714dd39db670d3c95ee6b30,getDependencies#com.badlogic.gdx.assets.loaders.MusicLoader
e3b13fa4980e15279714dd39db670d3c95ee6b30,getDependencies#com.badlogic.gdx.assets.loaders.PixmapLoader
e3b13fa4980e15279714dd39db670d3c95ee6b30,getDependencies#com.badlogic.gdx.assets.loaders.ShaderProgramLoader
e3b13fa4980e15279714dd39db670d3c95ee6b30,getDependencies#com.badlogic.gdx.assets.loaders.SoundLoader
e3b13fa4980e15279714dd39db670d3c95ee6b30,getDependencies#com.badlogic.gdx.assets.loaders.TextureLoader
e3b13fa4980e15279714dd39db670d3c95ee6b30,getDrawable#com.bumptech.glide.request.target.DrawableThumbnailImageViewTarget
e3b13fa4980e15279714dd39db670d3c95ee6b30,getDrawable#com.bumptech.glide.request.target.DrawableThumbnailImageViewTarget
e3b13fa4980e15279714dd39db670d3c95ee6b30,getGroupId#org.secuso.privacyfriendly2048.activities.adapter.HelpExpandableListAdapter
e3b13fa4980e15279714dd39db670d3c95ee6b30,getInterpolation#com.fairphone.fplauncher3.js
e3b13fa4980e15279714dd39db670d3c95ee6b30,getItem#calculator.HistoryAdapter
e3b13fa4980e15279714dd39db670d3c95ee6b30,getItemId#calculator.HistoryAdapter
e3b13fa4980e15279714dd39db670d3c95ee6b30,getItemId#com.fairphone.fplauncher3.applifecycle.a
e3b13fa4980e15279714dd39db670d3c95ee6b30,getItemId#com.fairphone.fplauncher3.edgeswipe.editor.a
e3b13fa4980e15279714dd39db670d3c95ee6b30,getItemId#com.fairphone.fplauncher3.ix
e3b13fa4980e15279714dd39db670d3c95ee6b30,getItemId#com.fairphone.fplauncher3.kg
e3b13fa4980e15279714dd39db670d3c95ee6b30,getItemId#com.fairphone.fplauncher3.kr
e3b13fa4980e15279714dd39db670d3c95ee6b30,getItemId#com.markuspage.android.atimetracker.Activities$ActivityAdapter
e3b13fa4980e15279714dd39db670d3c95ee6b30,getItemId#com.markuspage.android.atimetracker.ActivityTimes$TimesAdapter
e3b13fa4980e15279714dd39db670d3c95ee6b30,getItemId#indrora.atomic.adapter.MessageListAdapter
e3b13fa4980e15279714dd39db670d3c95ee6b30,getMaxLineLength#org.jibble.pircbot.PircBot
e3b13fa4980e15279714dd39db670d3c95ee6b30,getOptionsMenuId#com.lzx.lock.base.BaseFragment
e3b13fa4980e15279714dd39db670d3c95ee6b30,getPrefix#com.squareup.okhttp.internal.Platform
e3b13fa4980e15279714dd39db670d3c95ee6b30,getPrefix#okhttp3.internal.platform.Platform
e3b13fa4980e15279714dd39db670d3c95ee6b30,getPrefix#okhttp3.internal.platform.Platform
e3b13fa4980e15279714dd39db670d3c95ee6b30,getPresenterView#subreddit.android.appstore.util.mvp.BasePresenterFragment
e3b13fa4980e15279714dd39db670d3c95ee6b30,getResourceClass#com.bumptech.glide.load.resource.bitmap.BitmapDrawableResource
e3b13fa4980e15279714dd39db670d3c95ee6b30,getResourceClass#com.bumptech.glide.load.resource.bitmap.BitmapDrawableResource
e3b13fa4980e15279714dd39db670d3c95ee6b30,getResourceClass#com.bumptech.glide.load.resource.gif.GifDrawableResource
e3b13fa4980e15279714dd39db670d3c95ee6b30,getResourceClass#com.bumptech.glide.load.resource.gif.GifDrawableResource
e3b13fa4980e15279714dd39db670d3c95ee6b30,getRetryCount#com.squareup.picasso.RequestHandler
e3b13fa4980e15279714dd39db670d3c95ee6b30,getSelectedProtocol#com.squareup.okhttp.internal.Platform
e3b13fa4980e15279714dd39db670d3c95ee6b30,getSelectedProtocol#okhttp3.internal.platform.Platform
e3b13fa4980e15279714dd39db670d3c95ee6b30,getSelectedProtocol#okhttp3.internal.platform.Platform
e3b13fa4980e15279714dd39db670d3c95ee6b30,getSize#com.bumptech.glide.util.LruCache
e3b13fa4980e15279714dd39db670d3c95ee6b30,getSize#com.bumptech.glide.util.LruCache
e3b13fa4980e15279714dd39db670d3c95ee6b30,getSurfaceHolder#com.badlogic.gdx.backends.android.AndroidGraphicsLiveWallpaper
e3b13fa4980e15279714dd39db670d3c95ee6b30,getTypeClazz#subreddit.android.appstore.screens.details.AppDetailsModule$1
e3b13fa4980e15279714dd39db670d3c95ee6b30,getTypeClazz#subreddit.android.appstore.screens.list.AppListModule$1
e3b13fa4980e15279714dd39db670d3c95ee6b30,getTypeClazz#subreddit.android.appstore.screens.navigation.NavigationModule$1
e3b13fa4980e15279714dd39db670d3c95ee6b30,handle#com.bumptech.glide.load.engine.executor.GlideExecutor$UncaughtThrowableStrategy
e3b13fa4980e15279714dd39db670d3c95ee6b30,handleMotionEvent#org.libsdl.app.SDLJoystickHandler
e3b13fa4980e15279714dd39db670d3c95ee6b30,handles#com.bumptech.glide.load.model.ByteArrayLoader
e3b13fa4980e15279714dd39db670d3c95ee6b30,handles#com.bumptech.glide.load.model.ByteArrayLoader
e3b13fa4980e15279714dd39db670d3c95ee6b30,handles#com.bumptech.glide.load.model.ByteBufferFileLoader
e3b13fa4980e15279714dd39db670d3c95ee6b30,handles#com.bumptech.glide.load.model.ByteBufferFileLoader
e3b13fa4980e15279714dd39db670d3c95ee6b30,handles#com.bumptech.glide.load.model.FileLoader
e3b13fa4980e15279714dd39db670d3c95ee6b30,handles#com.bumptech.glide.load.model.FileLoader
e3b13fa4980e15279714dd39db670d3c95ee6b30,handles#com.bumptech.glide.load.model.ResourceLoader
e3b13fa4980e15279714dd39db670d3c95ee6b30,handles#com.bumptech.glide.load.model.ResourceLoader
e3b13fa4980e15279714dd39db670d3c95ee6b30,handles#com.bumptech.glide.load.model.StringLoader
e3b13fa4980e15279714dd39db670d3c95ee6b30,handles#com.bumptech.glide.load.model.StringLoader
e3b13fa4980e15279714dd39db670d3c95ee6b30,handles#com.bumptech.glide.load.model.stream.HttpGlideUrlLoader
e3b13fa4980e15279714dd39db670d3c95ee6b30,handles#com.bumptech.glide.load.model.stream.HttpGlideUrlLoader
e3b13fa4980e15279714dd39db670d3c95ee6b30,handles#com.bumptech.glide.load.model.stream.UrlLoader
e3b13fa4980e15279714dd39db670d3c95ee6b30,handles#com.bumptech.glide.load.model.stream.UrlLoader
e3b13fa4980e15279714dd39db670d3c95ee6b30,handles#com.bumptech.glide.load.resource.bitmap.Downsampler
e3b13fa4980e15279714dd39db670d3c95ee6b30,handles#com.bumptech.glide.load.resource.bitmap.Downsampler
e3b13fa4980e15279714dd39db670d3c95ee6b30,handles#com.bumptech.glide.load.resource.bitmap.Downsampler
e3b13fa4980e15279714dd39db670d3c95ee6b30,handles#com.bumptech.glide.load.resource.bitmap.Downsampler
e3b13fa4980e15279714dd39db670d3c95ee6b30,handles#com.bumptech.glide.load.resource.bitmap.UnitBitmapDecoder
e3b13fa4980e15279714dd39db670d3c95ee6b30,handles#com.bumptech.glide.load.resource.drawable.UnitDrawableDecoder
e3b13fa4980e15279714dd39db670d3c95ee6b30,handles#com.bumptech.glide.load.resource.file.FileDecoder
e3b13fa4980e15279714dd39db670d3c95ee6b30,handles#com.bumptech.glide.load.resource.file.FileDecoder
e3b13fa4980e15279714dd39db670d3c95ee6b30,handles#com.bumptech.glide.load.resource.gif.GifFrameResourceDecoder
e3b13fa4980e15279714dd39db670d3c95ee6b30,handles#com.bumptech.glide.load.resource.gif.GifFrameResourceDecoder
e3b13fa4980e15279714dd39db670d3c95ee6b30,hasStableIds#org.secuso.privacyfriendly2048.activities.adapter.HelpExpandableListAdapter
e3b13fa4980e15279714dd39db670d3c95ee6b30,i#com.fairphone.fplauncher3.DeleteDropTarget
e3b13fa4980e15279714dd39db670d3c95ee6b30,init#com.badlogic.gdx.graphics.g3d.particles.ParticleChannels$Rotation2dInitializer
e3b13fa4980e15279714dd39db670d3c95ee6b30,init#com.badlogic.gdx.graphics.g3d.particles.ParticleChannels$Rotation3dInitializer
e3b13fa4980e15279714dd39db670d3c95ee6b30,init#com.badlogic.gdx.graphics.g3d.particles.ParticleChannels$TextureRegionInitializer
e3b13fa4980e15279714dd39db670d3c95ee6b30,init#com.badlogic.gdx.graphics.g3d.particles.ParticleControllerComponent
e3b13fa4980e15279714dd39db670d3c95ee6b30,init#com.badlogic.gdx.graphics.g3d.particles.values.SpawnShapeValue
e3b13fa4980e15279714dd39db670d3c95ee6b30,initBefore#com.lzx.lock.base.BaseFragment
e3b13fa4980e15279714dd39db670d3c95ee6b30,initFrustum#calculator.Graph3dView
e3b13fa4980e15279714dd39db670d3c95ee6b30,isAffectAllLines#org.litepal.crud.DataHandler
e3b13fa4980e15279714dd39db670d3c95ee6b30,isChildSelectable#org.secuso.privacyfriendly2048.activities.adapter.HelpExpandableListAdapter
e3b13fa4980e15279714dd39db670d3c95ee6b30,isCleartextTrafficPermitted#okhttp3.internal.platform.Platform
e3b13fa4980e15279714dd39db670d3c95ee6b30,isCleartextTrafficPermitted#okhttp3.internal.platform.Platform
e3b13fa4980e15279714dd39db670d3c95ee6b30,isDefaultMethod#retrofit2.Platform
e3b13fa4980e15279714dd39db670d3c95ee6b30,isDimensionValid#com.bumptech.glide.request.target.ViewTarget$SizeDeterminer
e3b13fa4980e15279714dd39db670d3c95ee6b30,isDisposed#io.reactivex.internal.disposables.EmptyDisposable
e3b13fa4980e15279714dd39db670d3c95ee6b30,isDisposed#io.reactivex.internal.schedulers.ImmediateThinScheduler$ImmediateThinWorker
e3b13fa4980e15279714dd39db670d3c95ee6b30,isEmpty#io.reactivex.internal.disposables.EmptyDisposable
e3b13fa4980e15279714dd39db670d3c95ee6b30,isEmpty#io.reactivex.internal.operators.flowable.FlowableIgnoreElements$IgnoreElementsSubscriber
e3b13fa4980e15279714dd39db670d3c95ee6b30,isEmpty#io.reactivex.internal.subscriptions.EmptySubscription
e3b13fa4980e15279714dd39db670d3c95ee6b30,isInRange#de.HS_Aalen.OptikFormelrechner.HSA_Umrechner$InputFilterMinMax
e3b13fa4980e15279714dd39db670d3c95ee6b30,isInRange#de.HS_Aalen.OptikFormelrechner.Powervektoren$InputFilterMinMax
e3b13fa4980e15279714dd39db670d3c95ee6b30,isJsonArray#com.google.gson.JsonElement
e3b13fa4980e15279714dd39db670d3c95ee6b30,isJsonArray#com.google.gson.JsonElement
e3b13fa4980e15279714dd39db670d3c95ee6b30,isJsonNull#com.google.gson.JsonElement
e3b13fa4980e15279714dd39db670d3c95ee6b30,isJsonNull#com.google.gson.JsonElement
e3b13fa4980e15279714dd39db670d3c95ee6b30,isJsonObject#com.google.gson.JsonElement
e3b13fa4980e15279714dd39db670d3c95ee6b30,isJsonObject#com.google.gson.JsonElement
e3b13fa4980e15279714dd39db670d3c95ee6b30,isJsonPrimitive#com.google.gson.JsonElement
e3b13fa4980e15279714dd39db670d3c95ee6b30,isJsonPrimitive#com.google.gson.JsonElement
e3b13fa4980e15279714dd39db670d3c95ee6b30,isLoggable#timber.log.Timber$Tree
e3b13fa4980e15279714dd39db670d3c95ee6b30,isOpen#okio.Buffer
e3b13fa4980e15279714dd39db670d3c95ee6b30,isRecoverable#com.squareup.okhttp.internal.http.StreamAllocation
e3b13fa4980e15279714dd39db670d3c95ee6b30,isSizeValid#com.bumptech.glide.request.target.ViewTarget$SizeDeterminer
e3b13fa4980e15279714dd39db670d3c95ee6b30,isWhitespace#com.badlogic.gdx.graphics.g2d.BitmapFont$BitmapFontData
e3b13fa4980e15279714dd39db670d3c95ee6b30,iterator#com.badlogic.gdx.utils.IdentityMap$Entries
e3b13fa4980e15279714dd39db670d3c95ee6b30,iterator#com.badlogic.gdx.utils.IdentityMap$Keys
e3b13fa4980e15279714dd39db670d3c95ee6b30,iterator#com.badlogic.gdx.utils.IdentityMap$Values
e3b13fa4980e15279714dd39db670d3c95ee6b30,iterator#com.badlogic.gdx.utils.ObjectFloatMap$Entries
e3b13fa4980e15279714dd39db670d3c95ee6b30,iterator#com.badlogic.gdx.utils.ObjectFloatMap$Keys
e3b13fa4980e15279714dd39db670d3c95ee6b30,iterator#com.badlogic.gdx.utils.ObjectIntMap$Entries
e3b13fa4980e15279714dd39db670d3c95ee6b30,iterator#com.badlogic.gdx.utils.ObjectIntMap$Keys
e3b13fa4980e15279714dd39db670d3c95ee6b30,iterator#com.badlogic.gdx.utils.ObjectMap$Entries
e3b13fa4980e15279714dd39db670d3c95ee6b30,iterator#com.badlogic.gdx.utils.ObjectMap$Keys
e3b13fa4980e15279714dd39db670d3c95ee6b30,iterator#com.badlogic.gdx.utils.ObjectMap$Values
e3b13fa4980e15279714dd39db670d3c95ee6b30,iterator#com.badlogic.gdx.utils.ObjectSet$ObjectSetIterator
e3b13fa4980e15279714dd39db670d3c95ee6b30,keyDown#com.badlogic.gdx.scenes.scene2d.InputListener
e3b13fa4980e15279714dd39db670d3c95ee6b30,keyTyped#com.badlogic.gdx.scenes.scene2d.InputListener
e3b13fa4980e15279714dd39db670d3c95ee6b30,keyUp#com.badlogic.gdx.scenes.scene2d.InputListener
e3b13fa4980e15279714dd39db670d3c95ee6b30,leaveTransform#io.reactivex.internal.operators.flowable.FlowableReplay$BoundedReplayBuffer
e3b13fa4980e15279714dd39db670d3c95ee6b30,leaveTransform#io.reactivex.internal.operators.observable.ObservableReplay$BoundedReplayBuffer
e3b13fa4980e15279714dd39db670d3c95ee6b30,loadAsync#com.badlogic.gdx.assets.loaders.BitmapFontLoader
e3b13fa4980e15279714dd39db670d3c95ee6b30,loadAsync#com.badlogic.gdx.assets.loaders.ModelLoader
e3b13fa4980e15279714dd39db670d3c95ee6b30,loadAsync#com.badlogic.gdx.assets.loaders.ShaderProgramLoader
e3b13fa4980e15279714dd39db670d3c95ee6b30,loadAsync#com.badlogic.gdx.assets.loaders.SkinLoader
e3b13fa4980e15279714dd39db670d3c95ee6b30,loadAsync#com.badlogic.gdx.graphics.g3d.particles.ParticleEffectLoader
e3b13fa4980e15279714dd39db670d3c95ee6b30,loadSync#com.badlogic.gdx.maps.tiled.TmxMapLoader
e3b13fa4980e15279714dd39db670d3c95ee6b30,longPress#com.badlogic.gdx.scenes.scene2d.utils.ActorGestureListener
e3b13fa4980e15279714dd39db670d3c95ee6b30,longToIp#org.jibble.pircbot.PircBot
e3b13fa4980e15279714dd39db670d3c95ee6b30,m#com.fairphone.fplauncher3.jl
e3b13fa4980e15279714dd39db670d3c95ee6b30,mouseMoved#com.badlogic.gdx.scenes.scene2d.InputListener
e3b13fa4980e15279714dd39db670d3c95ee6b30,n#com.fairphone.fplauncher3.Workspace
e3b13fa4980e15279714dd39db670d3c95ee6b30,newArray#com.bumptech.glide.load.engine.bitmap_recycle.ByteArrayAdapter
e3b13fa4980e15279714dd39db670d3c95ee6b30,newArray#com.bumptech.glide.load.engine.bitmap_recycle.ByteArrayAdapter
e3b13fa4980e15279714dd39db670d3c95ee6b30,newArray#com.bumptech.glide.load.engine.bitmap_recycle.IntegerArrayAdapter
e3b13fa4980e15279714dd39db670d3c95ee6b30,newArray#com.bumptech.glide.load.engine.bitmap_recycle.IntegerArrayAdapter
e3b13fa4980e15279714dd39db670d3c95ee6b30,nichts#org.secuso.privacyfriendly2048.activities.helper.Gestures
e3b13fa4980e15279714dd39db670d3c95ee6b30,onAction#org.jibble.pircbot.PircBot
e3b13fa4980e15279714dd39db670d3c95ee6b30,onChannelInfo#org.jibble.pircbot.PircBot
e3b13fa4980e15279714dd39db670d3c95ee6b30,onComplete#io.reactivex.internal.operators.flowable.BlockingFlowableLatest$LatestObserverIterator
e3b13fa4980e15279714dd39db670d3c95ee6b30,onComplete#io.reactivex.internal.operators.flowable.BlockingFlowableNext$NextObserver
e3b13fa4980e15279714dd39db670d3c95ee6b30,onComplete#io.reactivex.internal.operators.observable.BlockingObservableLatest$LatestObserverIterator
e3b13fa4980e15279714dd39db670d3c95ee6b30,onComplete#io.reactivex.internal.operators.observable.BlockingObservableNext$NextObserver
e3b13fa4980e15279714dd39db670d3c95ee6b30,onConfigurationChanged#com.bumptech.glide.Glide
e3b13fa4980e15279714dd39db670d3c95ee6b30,onConfigurationChanged#com.bumptech.glide.Glide
e3b13fa4980e15279714dd39db670d3c95ee6b30,onConnect#org.jibble.pircbot.PircBot
e3b13fa4980e15279714dd39db670d3c95ee6b30,onConnectionMessage#org.jibble.pircbot.PircBot
e3b13fa4980e15279714dd39db670d3c95ee6b30,onCreate#subreddit.android.appstore.screens.details.AppDetailsPresenter
e3b13fa4980e15279714dd39db670d3c95ee6b30,onCreate#subreddit.android.appstore.screens.list.AppListPresenter
e3b13fa4980e15279714dd39db670d3c95ee6b30,onCreate#subreddit.android.appstore.screens.navigation.NavigationPresenter
e3b13fa4980e15279714dd39db670d3c95ee6b30,onCreateActionMode#nerd.tuxmobil.fahrplan.congress.StarredListFragment
e3b13fa4980e15279714dd39db670d3c95ee6b30,onDeHalfop#org.jibble.pircbot.PircBot
e3b13fa4980e15279714dd39db670d3c95ee6b30,onDeVoice#org.jibble.pircbot.PircBot
e3b13fa4980e15279714dd39db670d3c95ee6b30,onDeop#org.jibble.pircbot.PircBot
e3b13fa4980e15279714dd39db670d3c95ee6b30,onDestroy#com.bumptech.glide.manager.DefaultConnectivityMonitor
e3b13fa4980e15279714dd39db670d3c95ee6b30,onDestroy#com.bumptech.glide.manager.DefaultConnectivityMonitor
e3b13fa4980e15279714dd39db670d3c95ee6b30,onDestroy#com.bumptech.glide.manager.NullConnectivityMonitor
e3b13fa4980e15279714dd39db670d3c95ee6b30,onDestroy#com.bumptech.glide.manager.NullConnectivityMonitor
e3b13fa4980e15279714dd39db670d3c95ee6b30,onDestroy#com.bumptech.glide.request.RequestFutureTarget
e3b13fa4980e15279714dd39db670d3c95ee6b30,onDestroy#com.bumptech.glide.request.RequestFutureTarget
e3b13fa4980e15279714dd39db670d3c95ee6b30,onDestroy#com.bumptech.glide.request.target.BaseTarget
e3b13fa4980e15279714dd39db670d3c95ee6b30,onDestroy#com.bumptech.glide.request.target.BaseTarget
e3b13fa4980e15279714dd39db670d3c95ee6b30,onDestroy#subreddit.android.appstore.screens.details.AppDetailsPresenter
e3b13fa4980e15279714dd39db670d3c95ee6b30,onDestroy#subreddit.android.appstore.screens.list.AppListPresenter
e3b13fa4980e15279714dd39db670d3c95ee6b30,onDestroy#subreddit.android.appstore.screens.navigation.NavigationPresenter
e3b13fa4980e15279714dd39db670d3c95ee6b30,onDestroyActionMode#nerd.tuxmobil.fahrplan.congress.StarredListFragment
e3b13fa4980e15279714dd39db670d3c95ee6b30,onError#io.reactivex.internal.operators.flowable.BlockingFlowableLatest$LatestObserverIterator
e3b13fa4980e15279714dd39db670d3c95ee6b30,onError#io.reactivex.internal.operators.flowable.BlockingFlowableNext$NextObserver
e3b13fa4980e15279714dd39db670d3c95ee6b30,onError#io.reactivex.internal.operators.observable.BlockingObservableLatest$LatestObserverIterator
e3b13fa4980e15279714dd39db670d3c95ee6b30,onError#io.reactivex.internal.operators.observable.BlockingObservableNext$NextObserver
e3b13fa4980e15279714dd39db670d3c95ee6b30,onException#okhttp3.internal.cache.FaultHidingSink
e3b13fa4980e15279714dd39db670d3c95ee6b30,onException#okhttp3.internal.cache.FaultHidingSink
e3b13fa4980e15279714dd39db670d3c95ee6b30,onFileTransferFinished#org.jibble.pircbot.PircBot
e3b13fa4980e15279714dd39db670d3c95ee6b30,onHalfop#org.jibble.pircbot.PircBot
e3b13fa4980e15279714dd39db670d3c95ee6b30,onIncomingChatRequest#org.jibble.pircbot.PircBot
e3b13fa4980e15279714dd39db670d3c95ee6b30,onIncomingFileTransfer#org.jibble.pircbot.PircBot
e3b13fa4980e15279714dd39db670d3c95ee6b30,onInvite#org.jibble.pircbot.PircBot
e3b13fa4980e15279714dd39db670d3c95ee6b30,onItemEvicted#com.bumptech.glide.util.LruCache
e3b13fa4980e15279714dd39db670d3c95ee6b30,onItemEvicted#com.bumptech.glide.util.LruCache
e3b13fa4980e15279714dd39db670d3c95ee6b30,onJoin#org.jibble.pircbot.PircBot
e3b13fa4980e15279714dd39db670d3c95ee6b30,onKick#org.jibble.pircbot.PircBot
e3b13fa4980e15279714dd39db670d3c95ee6b30,onLoadCleared#com.bumptech.glide.request.RequestFutureTarget
e3b13fa4980e15279714dd39db670d3c95ee6b30,onLoadCleared#com.bumptech.glide.request.RequestFutureTarget
e3b13fa4980e15279714dd39db670d3c95ee6b30,onLoadFailed#com.bumptech.glide.request.RequestFutureTarget
e3b13fa4980e15279714dd39db670d3c95ee6b30,onLoadStarted#com.bumptech.glide.request.RequestFutureTarget
e3b13fa4980e15279714dd39db670d3c95ee6b30,onLoadStarted#com.bumptech.glide.request.RequestFutureTarget
e3b13fa4980e15279714dd39db670d3c95ee6b30,onMessage#org.jibble.pircbot.PircBot
e3b13fa4980e15279714dd39db670d3c95ee6b30,onMode#org.jibble.pircbot.PircBot
e3b13fa4980e15279714dd39db670d3c95ee6b30,onNext#io.reactivex.internal.subscribers.flowable.BlockingLastSubscriber
e3b13fa4980e15279714dd39db670d3c95ee6b30,onNext#io.reactivex.internal.subscribers.observable.BlockingLastObserver
e3b13fa4980e15279714dd39db670d3c95ee6b30,onNickChange#org.jibble.pircbot.PircBot
e3b13fa4980e15279714dd39db670d3c95ee6b30,onNotice#org.jibble.pircbot.PircBot
e3b13fa4980e15279714dd39db670d3c95ee6b30,onOp#org.jibble.pircbot.PircBot
e3b13fa4980e15279714dd39db670d3c95ee6b30,onPart#org.jibble.pircbot.PircBot
e3b13fa4980e15279714dd39db670d3c95ee6b30,onPrivateMessage#org.jibble.pircbot.PircBot
e3b13fa4980e15279714dd39db670d3c95ee6b30,onQuit#org.jibble.pircbot.PircBot
e3b13fa4980e15279714dd39db670d3c95ee6b30,onRemoveChannelBan#org.jibble.pircbot.PircBot
e3b13fa4980e15279714dd39db670d3c95ee6b30,onRemoveChannelKey#org.jibble.pircbot.PircBot
e3b13fa4980e15279714dd39db670d3c95ee6b30,onRemoveChannelLimit#org.jibble.pircbot.PircBot
e3b13fa4980e15279714dd39db670d3c95ee6b30,onRemoveInviteOnly#org.jibble.pircbot.PircBot
e3b13fa4980e15279714dd39db670d3c95ee6b30,onRemoveModerated#org.jibble.pircbot.PircBot
e3b13fa4980e15279714dd39db670d3c95ee6b30,onRemoveNoExternalMessages#org.jibble.pircbot.PircBot
e3b13fa4980e15279714dd39db670d3c95ee6b30,onRemovePrivate#org.jibble.pircbot.PircBot
e3b13fa4980e15279714dd39db670d3c95ee6b30,onRemoveSecret#org.jibble.pircbot.PircBot
e3b13fa4980e15279714dd39db670d3c95ee6b30,onRemoveTopicProtection#org.jibble.pircbot.PircBot
e3b13fa4980e15279714dd39db670d3c95ee6b30,onRequested#io.reactivex.internal.operators.flowable.FlowableCreate$BaseEmitter
e3b13fa4980e15279714dd39db670d3c95ee6b30,onResourceReady#com.bumptech.glide.ListPreloader$PreloadTarget
e3b13fa4980e15279714dd39db670d3c95ee6b30,onResourceReady#com.bumptech.glide.ListPreloader$PreloadTarget
e3b13fa4980e15279714dd39db670d3c95ee6b30,onResourceReady#com.bumptech.glide.RequestManager$ClearTarget
e3b13fa4980e15279714dd39db670d3c95ee6b30,onResourceReady#com.bumptech.glide.RequestManager$ClearTarget
e3b13fa4980e15279714dd39db670d3c95ee6b30,onResourceReady#com.bumptech.glide.request.RequestFutureTarget
e3b13fa4980e15279714dd39db670d3c95ee6b30,onResourceReady#com.bumptech.glide.util.ViewPreloadSizeProvider$SizeViewTarget
e3b13fa4980e15279714dd39db670d3c95ee6b30,onResourceReady#com.bumptech.glide.util.ViewPreloadSizeProvider$SizeViewTarget
e3b13fa4980e15279714dd39db670d3c95ee6b30,onSaveInstanceState#subreddit.android.appstore.screens.details.AppDetailsPresenter
e3b13fa4980e15279714dd39db670d3c95ee6b30,onSaveInstanceState#subreddit.android.appstore.screens.list.AppListPresenter
e3b13fa4980e15279714dd39db670d3c95ee6b30,onSaveInstanceState#subreddit.android.appstore.screens.navigation.NavigationPresenter
e3b13fa4980e15279714dd39db670d3c95ee6b30,onServerResponse#org.jibble.pircbot.PircBot
e3b13fa4980e15279714dd39db670d3c95ee6b30,onSetChannelBan#org.jibble.pircbot.PircBot
e3b13fa4980e15279714dd39db670d3c95ee6b30,onSetChannelKey#org.jibble.pircbot.PircBot
e3b13fa4980e15279714dd39db670d3c95ee6b30,onSetChannelLimit#org.jibble.pircbot.PircBot
e3b13fa4980e15279714dd39db670d3c95ee6b30,onSetInviteOnly#org.jibble.pircbot.PircBot
e3b13fa4980e15279714dd39db670d3c95ee6b30,onSetModerated#org.jibble.pircbot.PircBot
e3b13fa4980e15279714dd39db670d3c95ee6b30,onSetNoExternalMessages#org.jibble.pircbot.PircBot
e3b13fa4980e15279714dd39db670d3c95ee6b30,onSetPrivate#org.jibble.pircbot.PircBot
e3b13fa4980e15279714dd39db670d3c95ee6b30,onSetSecret#org.jibble.pircbot.PircBot
e3b13fa4980e15279714dd39db670d3c95ee6b30,onSetTopicProtection#org.jibble.pircbot.PircBot
e3b13fa4980e15279714dd39db670d3c95ee6b30,onSettings#com.squareup.okhttp.internal.framed.FramedConnection$Listener
e3b13fa4980e15279714dd39db670d3c95ee6b30,onSettings#okhttp3.internal.framed.FramedConnection$Listener
e3b13fa4980e15279714dd39db670d3c95ee6b30,onSettings#okhttp3.internal.http2.Http2Connection$Listener
e3b13fa4980e15279714dd39db670d3c95ee6b30,onStart#com.bumptech.glide.manager.NullConnectivityMonitor
e3b13fa4980e15279714dd39db670d3c95ee6b30,onStart#com.bumptech.glide.manager.NullConnectivityMonitor
e3b13fa4980e15279714dd39db670d3c95ee6b30,onStart#com.bumptech.glide.request.RequestFutureTarget
e3b13fa4980e15279714dd39db670d3c95ee6b30,onStart#com.bumptech.glide.request.RequestFutureTarget
e3b13fa4980e15279714dd39db670d3c95ee6b30,onStart#com.bumptech.glide.request.target.BaseTarget
e3b13fa4980e15279714dd39db670d3c95ee6b30,onStart#com.bumptech.glide.request.target.BaseTarget
e3b13fa4980e15279714dd39db670d3c95ee6b30,onStart#io.reactivex.observers.DefaultObserver
e3b13fa4980e15279714dd39db670d3c95ee6b30,onStart#io.reactivex.observers.DisposableObserver
e3b13fa4980e15279714dd39db670d3c95ee6b30,onStart#io.reactivex.subscribers.TestSubscriber
e3b13fa4980e15279714dd39db670d3c95ee6b30,onStop#com.bumptech.glide.manager.NullConnectivityMonitor
e3b13fa4980e15279714dd39db670d3c95ee6b30,onStop#com.bumptech.glide.manager.NullConnectivityMonitor
e3b13fa4980e15279714dd39db670d3c95ee6b30,onStop#com.bumptech.glide.request.RequestFutureTarget
e3b13fa4980e15279714dd39db670d3c95ee6b30,onStop#com.bumptech.glide.request.RequestFutureTarget
e3b13fa4980e15279714dd39db670d3c95ee6b30,onStop#com.bumptech.glide.request.target.BaseTarget
e3b13fa4980e15279714dd39db670d3c95ee6b30,onStop#com.bumptech.glide.request.target.BaseTarget
e3b13fa4980e15279714dd39db670d3c95ee6b30,onSubscribe#io.reactivex.subjects.SerializedSubject
e3b13fa4980e15279714dd39db670d3c95ee6b30,onSwipeBottom#org.secuso.privacyfriendly2048.activities.helper.Gestures
e3b13fa4980e15279714dd39db670d3c95ee6b30,onSwipeLeft#org.secuso.privacyfriendly2048.activities.helper.Gestures
e3b13fa4980e15279714dd39db670d3c95ee6b30,onSwipeRight#org.secuso.privacyfriendly2048.activities.helper.Gestures
e3b13fa4980e15279714dd39db670d3c95ee6b30,onSwipeTop#org.secuso.privacyfriendly2048.activities.helper.Gestures
e3b13fa4980e15279714dd39db670d3c95ee6b30,onTopic#org.jibble.pircbot.PircBot
e3b13fa4980e15279714dd39db670d3c95ee6b30,onTopic#org.jibble.pircbot.PircBot
e3b13fa4980e15279714dd39db670d3c95ee6b30,onUnhandledMessage#org.libsdl.app.SDLActivity
e3b13fa4980e15279714dd39db670d3c95ee6b30,onUnknown#org.jibble.pircbot.PircBot
e3b13fa4980e15279714dd39db670d3c95ee6b30,onUnsubscribed#io.reactivex.internal.operators.flowable.FlowableCreate$BaseEmitter
e3b13fa4980e15279714dd39db670d3c95ee6b30,onUserList#org.jibble.pircbot.PircBot
e3b13fa4980e15279714dd39db670d3c95ee6b30,onUserMode#org.jibble.pircbot.PircBot
e3b13fa4980e15279714dd39db670d3c95ee6b30,onVoice#org.jibble.pircbot.PircBot
e3b13fa4980e15279714dd39db670d3c95ee6b30,pan#com.badlogic.gdx.scenes.scene2d.utils.ActorGestureListener
e3b13fa4980e15279714dd39db670d3c95ee6b30,patternInProgress#com.lzx.lock.widget.LockPatternViewPattern
e3b13fa4980e15279714dd39db670d3c95ee6b30,pause#io.github.lonamiwebs.klooni.game.BaseScorer
e3b13fa4980e15279714dd39db670d3c95ee6b30,pinch#com.badlogic.gdx.scenes.scene2d.utils.ActorGestureListener
e3b13fa4980e15279714dd39db670d3c95ee6b30,poll#io.reactivex.internal.disposables.EmptyDisposable
e3b13fa4980e15279714dd39db670d3c95ee6b30,poll#io.reactivex.internal.operators.flowable.FlowableIgnoreElements$IgnoreElementsSubscriber
e3b13fa4980e15279714dd39db670d3c95ee6b30,poll#io.reactivex.internal.subscriptions.EmptySubscription
e3b13fa4980e15279714dd39db670d3c95ee6b30,positionChanged#com.badlogic.gdx.scenes.scene2d.Actor
e3b13fa4980e15279714dd39db670d3c95ee6b30,pushedStream#okhttp3.internal.http2.Http2Connection
e3b13fa4980e15279714dd39db670d3c95ee6b30,recycle#com.bumptech.glide.load.resource.drawable.NonOwnedDrawableResource
e3b13fa4980e15279714dd39db670d3c95ee6b30,removeCallback#com.bumptech.glide.ListPreloader$PreloadTarget
e3b13fa4980e15279714dd39db670d3c95ee6b30,removeCallback#com.bumptech.glide.request.RequestFutureTarget
e3b13fa4980e15279714dd39db670d3c95ee6b30,removeCallback#com.bumptech.glide.request.target.SimpleTarget
e3b13fa4980e15279714dd39db670d3c95ee6b30,request#io.reactivex.internal.operators.flowable.FlowableIgnoreElements$IgnoreElementsSubscriber
e3b13fa4980e15279714dd39db670d3c95ee6b30,requestBodyConverter#retrofit2.Converter$Factory
e3b13fa4980e15279714dd39db670d3c95ee6b30,requestBodyEnd#okhttp3.EventListener
e3b13fa4980e15279714dd39db670d3c95ee6b30,requestBodyStart#okhttp3.EventListener
e3b13fa4980e15279714dd39db670d3c95ee6b30,requestFusion#io.reactivex.internal.operators.flowable.FlowableFromArray$BaseArraySubscription
e3b13fa4980e15279714dd39db670d3c95ee6b30,requestFusion#io.reactivex.internal.operators.flowable.FlowableFromIterable$BaseRangeSubscription
e3b13fa4980e15279714dd39db670d3c95ee6b30,requestFusion#io.reactivex.internal.operators.flowable.FlowableRange$BaseRangeSubscription
e3b13fa4980e15279714dd39db670d3c95ee6b30,requestHeadersEnd#okhttp3.EventListener
e3b13fa4980e15279714dd39db670d3c95ee6b30,requestHeadersStart#okhttp3.EventListener
e3b13fa4980e15279714dd39db670d3c95ee6b30,responseBodyEnd#okhttp3.EventListener
e3b13fa4980e15279714dd39db670d3c95ee6b30,responseBodyStart#okhttp3.EventListener
e3b13fa4980e15279714dd39db670d3c95ee6b30,responseHeadersEnd#okhttp3.EventListener
e3b13fa4980e15279714dd39db670d3c95ee6b30,responseHeadersStart#okhttp3.EventListener
e3b13fa4980e15279714dd39db670d3c95ee6b30,restart#com.badlogic.gdx.scenes.scene2d.Action
e3b13fa4980e15279714dd39db670d3c95ee6b30,result#com.badlogic.gdx.scenes.scene2d.ui.Dialog
e3b13fa4980e15279714dd39db670d3c95ee6b30,resume#io.github.lonamiwebs.klooni.game.BaseScorer
e3b13fa4980e15279714dd39db670d3c95ee6b30,rotationChanged#com.badlogic.gdx.scenes.scene2d.Actor
e3b13fa4980e15279714dd39db670d3c95ee6b30,s#com.fairphone.fplauncher3.jl
e3b13fa4980e15279714dd39db670d3c95ee6b30,safeSequence#com.bumptech.glide.load.engine.GlideException$IndentedAppendable
e3b13fa4980e15279714dd39db670d3c95ee6b30,safeSequence#com.bumptech.glide.load.engine.GlideException$IndentedAppendable
e3b13fa4980e15279714dd39db670d3c95ee6b30,scoreToNanos#io.github.lonamiwebs.klooni.game.TimeScorer
e3b13fa4980e15279714dd39db670d3c95ee6b30,scrollFocusChanged#com.badlogic.gdx.scenes.scene2d.utils.FocusListener
e3b13fa4980e15279714dd39db670d3c95ee6b30,scrolled#com.badlogic.gdx.scenes.scene2d.InputListener
e3b13fa4980e15279714dd39db670d3c95ee6b30,secureConnectEnd#okhttp3.EventListener
e3b13fa4980e15279714dd39db670d3c95ee6b30,secureConnectStart#okhttp3.EventListener
e3b13fa4980e15279714dd39db670d3c95ee6b30,setIndex#edu.emory.mathcs.backport.java.util.concurrent.ScheduledThreadPoolExecutor$DelayedWorkQueue
e3b13fa4980e15279714dd39db670d3c95ee6b30,shouldGetOrSet#org.litepal.crud.DataHandler
e3b13fa4980e15279714dd39db670d3c95ee6b30,shouldGiveModelIdValue#org.litepal.crud.SaveHandler
e3b13fa4980e15279714dd39db670d3c95ee6b30,shouldRetry#com.squareup.picasso.RequestHandler
e3b13fa4980e15279714dd39db670d3c95ee6b30,showcase#io.github.lonamiwebs.klooni.actors.ShopCard
e3b13fa4980e15279714dd39db670d3c95ee6b30,sizeChanged#com.badlogic.gdx.scenes.scene2d.Actor
e3b13fa4980e15279714dd39db670d3c95ee6b30,start#org.javia.arity.TokenConsumer
e3b13fa4980e15279714dd39db670d3c95ee6b30,stringConverter#retrofit2.Converter$Factory
e3b13fa4980e15279714dd39db670d3c95ee6b30,supportsReplay#com.squareup.picasso.RequestHandler
e3b13fa4980e15279714dd39db670d3c95ee6b30,tap#com.badlogic.gdx.scenes.scene2d.utils.ActorGestureListener
e3b13fa4980e15279714dd39db670d3c95ee6b30,taskFailed#com.badlogic.gdx.assets.AssetManager
e3b13fa4980e15279714dd39db670d3c95ee6b30,terminated#edu.emory.mathcs.backport.java.util.concurrent.ThreadPoolExecutor
e3b13fa4980e15279714dd39db670d3c95ee6b30,timedOut#okio.AsyncTimeout
e3b13fa4980e15279714dd39db670d3c95ee6b30,timedOut#okio.AsyncTimeout
e3b13fa4980e15279714dd39db670d3c95ee6b30,timedOut#okio.AsyncTimeout
e3b13fa4980e15279714dd39db670d3c95ee6b30,toGdxButton#com.badlogic.gdx.backends.android.AndroidMultiTouchHandler
e3b13fa4980e15279714dd39db670d3c95ee6b30,touchDown#com.badlogic.gdx.scenes.scene2d.InputListener
e3b13fa4980e15279714dd39db670d3c95ee6b30,touchDown#com.badlogic.gdx.scenes.scene2d.utils.ActorGestureListener
e3b13fa4980e15279714dd39db670d3c95ee6b30,touchDragged#com.badlogic.gdx.scenes.scene2d.InputListener
e3b13fa4980e15279714dd39db670d3c95ee6b30,touchUp#com.badlogic.gdx.scenes.scene2d.InputListener
e3b13fa4980e15279714dd39db670d3c95ee6b30,touchUp#com.badlogic.gdx.scenes.scene2d.utils.ActorGestureListener
e3b13fa4980e15279714dd39db670d3c95ee6b30,truncate#io.reactivex.internal.operators.flowable.FlowableReplay$BoundedReplayBuffer
e3b13fa4980e15279714dd39db670d3c95ee6b30,truncate#io.reactivex.internal.operators.observable.ObservableReplay$BoundedReplayBuffer
e3b13fa4980e15279714dd39db670d3c95ee6b30,truncateFinal#io.reactivex.internal.operators.flowable.FlowableReplay$BoundedReplayBuffer
e3b13fa4980e15279714dd39db670d3c95ee6b30,truncateFinal#io.reactivex.internal.operators.observable.ObservableReplay$BoundedReplayBuffer
e3b13fa4980e15279714dd39db670d3c95ee6b30,unbind#subreddit.android.appstore.screens.MainActivity$$ViewBinder$InnerUnbinder
e3b13fa4980e15279714dd39db670d3c95ee6b30,unbind#subreddit.android.appstore.screens.details.AppDetailsActivity$$ViewBinder$InnerUnbinder
e3b13fa4980e15279714dd39db670d3c95ee6b30,unbind#subreddit.android.appstore.screens.details.AppDetailsFragment$$ViewBinder$InnerUnbinder
e3b13fa4980e15279714dd39db670d3c95ee6b30,unbind#subreddit.android.appstore.screens.list.AppListAdapter$ViewHolder$$ViewBinder$InnerUnbinder
e3b13fa4980e15279714dd39db670d3c95ee6b30,unbind#subreddit.android.appstore.screens.list.AppListFragment$$ViewBinder$InnerUnbinder
e3b13fa4980e15279714dd39db670d3c95ee6b30,unbind#subreddit.android.appstore.screens.list.FilterListAdapter$ViewHolder$$ViewBinder$InnerUnbinder
e3b13fa4980e15279714dd39db670d3c95ee6b30,unbind#subreddit.android.appstore.screens.navigation.NavigationFragment$$ViewBinder$InnerUnbinder
e3b13fa4980e15279714dd39db670d3c95ee6b30,unbind#subreddit.android.appstore.screens.settings.AboutActivity$$ViewBinder$InnerUnbinder
e3b13fa4980e15279714dd39db670d3c95ee6b30,unbind#subreddit.android.appstore.screens.settings.SettingsActivity$$ViewBinder$InnerUnbinder
e3b13fa4980e15279714dd39db670d3c95ee6b30,updateAlertButton#de.nproth.pin.NoteActivity
e3b13fa4980e15279714dd39db670d3c95ee6b30,updateDiskCacheKey#com.bumptech.glide.load.resource.UnitTransformation
e3b13fa4980e15279714dd39db670d3c95ee6b30,updateDiskCacheKey#com.bumptech.glide.load.resource.UnitTransformation
e3b13fa4980e15279714dd39db670d3c95ee6b30,watch#com.squareup.leakcanary.RefWatcher
e3b13fa4980e15279714dd39db670d3c95ee6b30,zoom#com.badlogic.gdx.scenes.scene2d.utils.ActorGestureListener