number_of_callers_not_null,is_init,is_static,is_override,uses_variables,call_external_methode,number_of_instructions,full_name,is_code_smell
True,False,False,False,False,False,30,f#com.b.a.a.a,True
True,False,False,False,False,False,27,b#com.b.a.a.a,True
True,False,False,False,False,False,20,compareTo#net.fortuna.ical4j.model.Dur,True
True,False,False,False,False,False,18,init#com.badlogic.gdx.graphics.g3d.particles.ParticleChannels$TextureRegionInitializer,True
True,False,False,False,False,False,15,recalculateSize#edu.emory.mathcs.backport.java.util.TreeMap$NavigableSubMap,True
True,False,False,False,False,False,13,poll#io.reactivex.internal.queue.MpscLinkedQueue,True
True,False,False,False,False,False,13,setLayoutEnabled#com.badlogic.gdx.scenes.scene2d.ui.WidgetGroup,True
True,False,False,False,False,False,13,poll#io.reactivex.internal.operators.flowable.FlowableObserveOn$PublisherObserveOnSubscriber,True
True,False,False,False,False,False,13,drawAllElements#org.secuso.privacyfriendly2048.activities.GameActivity,True
True,False,False,False,False,False,13,disableDebug#com.badlogic.gdx.scenes.scene2d.Stage,True
True,False,False,False,False,False,13,addBar#com.github.mikephil.charting.buffer.BarBuffer,True
True,False,False,False,False,False,13,compare#com.badlogic.gdx.graphics.g3d.ModelCache$Sorter,True
True,False,False,False,False,False,13,getWrapIndex#com.badlogic.gdx.graphics.g2d.BitmapFont$BitmapFontData,True
True,False,False,False,False,False,12,getRenderParams#indrora.atomic.model.Settings,True
True,False,False,False,False,False,12,getOffsetDates#net.fortuna.ical4j.model.Recur,True
True,False,False,False,False,False,12,toGdxButton#com.badlogic.gdx.backends.android.AndroidMultiTouchHandler,True
True,False,False,False,False,False,11,ensureSize#com.badlogic.gdx.scenes.scene2d.ui.Table,True
True,False,False,False,False,False,11,isInRange#de.HS_Aalen.OptikFormelrechner.Powervektoren$InputFilterMinMax,True
True,False,False,False,False,False,11,isInRange#de.HS_Aalen.OptikFormelrechner.HSA_Umrechner$InputFilterMinMax,True
True,False,False,False,False,False,11,initFrustum#calculator.Graph3dView,True
True,False,False,False,False,False,10,readInt#okhttp3.internal.framed.Hpack$Reader,True
True,False,False,False,False,False,10,readInt#com.squareup.okhttp.internal.framed.Hpack$Reader,True
True,False,False,False,False,False,10,readInt#okhttp3.internal.http2.Hpack$Reader,True
True,False,False,False,False,False,10,calcMinMaxY#com.github.mikephil.charting.data.CandleDataSet,True
True,False,False,False,False,False,10,parseNodes#com.badlogic.gdx.graphics.g3d.loader.G3dModelLoader,True
True,False,False,False,False,False,10,analyzeManySide#org.litepal.crud.Many2OneAnalyzer,True
True,False,False,False,False,False,9,dealsAssociationsOnTheSideWithoutFK#org.litepal.crud.AssociationsAnalyzer,True
True,False,False,False,False,False,9,putFieldsValueDependsOnSaveOrUpdate#org.litepal.crud.DataHandler,True
True,False,False,False,False,False,9,needsHighlight#com.github.mikephil.charting.charts.PieChart,True
True,False,False,False,False,False,9,cacheWritingResponse#com.squareup.okhttp.internal.http.HttpEngine,True
True,False,False,False,False,False,9,reExecutePeriodic#edu.emory.mathcs.backport.java.util.concurrent.ScheduledThreadPoolExecutor,True
True,False,False,False,False,False,9,getSurfaceHolder#com.badlogic.gdx.backends.android.AndroidGraphicsLiveWallpaper,True
True,False,False,False,False,False,8,merge#okhttp3.internal.framed.Settings,True
True,False,False,False,False,False,8,longToIp#org.jibble.pircbot.PircBot,True
True,False,False,False,False,False,8,readUtf8Line#okio.Buffer,True
True,False,False,False,False,False,8,merge#okhttp3.internal.http2.Settings,True
True,False,False,False,False,False,8,load#com.badlogic.gdx.graphics.g3d.particles.batches.BillboardParticleBatch,True
True,False,False,False,False,False,8,floatToByte#calculator.Graph3d,True
True,False,False,False,False,False,8,findByUsage#com.badlogic.gdx.graphics.VertexAttributes,True
True,False,False,False,False,False,8,merge#com.squareup.okhttp.internal.framed.Settings,True
True,False,False,False,False,False,8,getTranslation#com.badlogic.gdx.graphics.g3d.utils.DefaultRenderableSorter,True
True,False,False,False,False,False,7,size#io.reactivex.internal.queue.SpscLinkedArrayQueue,True
True,False,False,False,False,False,7,adjustLastGlyph#com.badlogic.gdx.graphics.g2d.GlyphLayout,True
True,False,False,False,False,False,7,onError#io.reactivex.internal.operators.flowable.FlowableWindowTimed$WindowExactBoundedSubscriber,True
True,False,False,False,False,False,7,append#com.bumptech.glide.load.model.MultiModelLoaderFactory,True
True,False,False,False,False,False,7,readValueUnderLock#edu.emory.mathcs.backport.java.util.concurrent.ConcurrentHashMap$Segment,True
True,False,False,False,False,False,7,switchElementPositions#org.secuso.privacyfriendly2048.activities.GameActivity,True
True,False,False,False,False,False,7,getYValueSum#com.github.mikephil.charting.data.PieData,True
True,False,False,False,False,False,7,resumeMyRequest#com.bumptech.glide.request.target.ViewTarget,True
True,False,False,False,False,False,7,onError#io.reactivex.internal.operators.observable.ObservableWindowTimed$WindowSkipSubscriber,True
True,False,False,False,False,False,7,onError#io.reactivex.internal.operators.flowable.FlowableWindowTimed$WindowSkipSubscriber,True
True,False,False,False,False,False,7,onError#io.reactivex.internal.operators.observable.ObservableWindowTimed$WindowExactBoundedSubscriber,True
True,False,False,False,False,False,7,normalise#net.fortuna.ical4j.model.Period,True
True,False,False,False,False,False,7,disconnect#org.jibble.pircbot.PircBot,True
True,False,False,False,False,False,7,isInBoundsX#com.github.mikephil.charting.renderer.BarLineScatterCandleBubbleRenderer,True
True,False,False,False,False,False,7,loadActivities#com.markuspage.android.atimetracker.Activities$ActivityAdapter,True
True,False,False,False,False,False,7,bind#subreddit.android.appstore.screens.list.AppListFragment$$ViewBinder,True
True,False,False,False,False,False,6,setUtc#net.fortuna.ical4j.model.property.DateProperty,True
True,False,False,False,False,False,6,onHandleGrabbed#com.futuremind.recyclerviewfastscroll.viewprovider.ScrollerViewProvider,True
True,False,False,False,False,False,6,getUsingFindNode#edu.emory.mathcs.backport.java.util.concurrent.ConcurrentSkipListMap,True
True,False,False,False,False,False,6,value#com.google.gson.stream.JsonWriter,True
True,False,False,False,False,False,6,flags#com.squareup.okhttp.internal.framed.Settings,True
True,False,False,False,False,False,6,onResourceReady#com.bumptech.glide.request.target.ImageViewTarget,True
True,False,False,False,False,False,6,c#com.b.a.a.b,True
True,False,False,False,False,False,6,onHandleReleased#com.futuremind.recyclerviewfastscroll.viewprovider.ScrollerViewProvider,True
True,False,False,False,False,False,6,onComplete#io.reactivex.internal.operators.observable.ObservableWindowTimed$WindowSkipSubscriber,True
True,False,False,False,False,False,6,cancel#io.reactivex.internal.operators.flowable.FlowableConcatMap$ConcatMapImmediate,True
True,False,False,False,False,False,6,onScrollStarted#com.futuremind.recyclerviewfastscroll.viewprovider.ScrollerViewProvider,True
True,False,False,False,False,False,6,onComplete#io.reactivex.internal.operators.flowable.FlowableWindowTimed$WindowSkipSubscriber,True
True,False,False,False,False,False,6,onScrollFinished#com.futuremind.recyclerviewfastscroll.viewprovider.ScrollerViewProvider,True
True,False,False,False,False,False,6,onComplete#io.reactivex.internal.operators.flowable.FlowableWindowTimed$WindowExactBoundedSubscriber,True
True,False,False,False,False,False,6,cancel#io.reactivex.internal.operators.flowable.FlowableConcatMap$ConcatMapDelayed,True
True,False,False,False,False,False,6,eval#calculator.GraphView,True
True,False,False,False,False,False,6,bind#subreddit.android.appstore.screens.details.AppDetailsFragment$$ViewBinder,True
True,False,False,False,False,False,6,a#com.b.a.a.b,True
True,False,False,False,False,False,6,unbind#subreddit.android.appstore.screens.list.AppListAdapter$ViewHolder$$ViewBinder$InnerUnbinder,True
True,False,False,False,False,False,6,compare#com.github.mikephil.charting.utils.EntryXComparator,True
True,False,False,False,False,False,6,findByObject#com.google.gson.internal.LinkedTreeMap,True
True,False,False,False,False,False,6,ac#com.fairphone.fplauncher3.Workspace,True
True,False,False,False,False,False,6,obtain#com.badlogic.gdx.graphics.g3d.ModelBatch$RenderablePool,True
True,False,False,False,False,False,6,abortQuietly#okhttp3.Cache,True
True,False,False,False,False,False,6,obtain#com.badlogic.gdx.graphics.g3d.utils.shapebuilders.RenderableShapeBuilder$RenderablePool,True
True,False,False,False,False,False,6,flags#okhttp3.internal.framed.Settings,True
True,False,False,False,False,False,6,load#com.badlogic.gdx.graphics.g3d.Model,True
True,False,False,False,False,False,6,findByObject#com.google.gson.internal.LinkedHashTreeMap,True
True,False,False,False,False,False,6,getSizeForParam#com.bumptech.glide.request.target.ViewTarget$SizeDeterminer,True
True,False,False,False,False,False,6,t#com.fairphone.fplauncher3.AppsCustomizePagedView,True
True,False,False,False,False,False,6,onComplete#io.reactivex.internal.operators.observable.ObservableWindowTimed$WindowExactBoundedSubscriber,True
True,False,False,False,False,False,5,setWakelock#org.koreader.launcher.PowerHelper,True
True,False,False,False,False,False,5,onComplete#io.reactivex.internal.operators.flowable.FlowableScanSeed$ScanSeedSubscriber,True
True,False,False,False,False,False,5,load#com.badlogic.gdx.graphics.g3d.particles.batches.PointSpriteParticleBatch,True
True,False,False,False,False,False,5,isRecoverable#com.squareup.okhttp.internal.http.StreamAllocation,True
True,False,False,False,False,False,5,getItemAdapter#indrora.atomic.adapter.ConversationPagerAdapter,True
True,False,False,False,False,False,5,compareTo#com.badlogic.gdx.graphics.g3d.attributes.SpotLightsAttribute,True
True,False,False,False,False,False,5,bind#subreddit.android.appstore.screens.settings.AboutActivity$$ViewBinder,True
True,False,False,False,False,False,5,hasNext#okhttp3.internal.connection.RouteSelector,True
True,False,False,False,False,False,5,compareTo#com.badlogic.gdx.graphics.g3d.attributes.DirectionalLightsAttribute,True
True,False,False,False,False,False,5,setTimeZone#net.fortuna.ical4j.model.Period,True
True,False,False,False,False,False,5,isDimensionValid#com.bumptech.glide.request.target.ViewTarget$SizeDeterminer,True
True,False,False,False,False,False,5,initRenderData#com.badlogic.gdx.graphics.g3d.particles.batches.BillboardParticleBatch,True
True,False,False,False,False,False,5,getItem#indrora.atomic.adapter.ConversationPagerAdapter,True
True,False,False,False,False,False,5,getDataSetByTouchPoint#com.github.mikephil.charting.charts.BarLineChartBase,True
True,False,False,False,False,False,5,calcMinMax#com.github.mikephil.charting.data.DataSet,True
True,False,False,False,False,False,5,compare#nerd.tuxmobil.fahrplan.congress.FahrplanFragment$5,True
True,False,False,False,False,False,5,dealAssociatedModel#org.litepal.crud.One2OneAnalyzer,True
True,False,False,False,False,False,5,compareTo#com.badlogic.gdx.graphics.g3d.attributes.PointLightsAttribute,True
True,False,False,False,False,False,5,hasNext#com.squareup.okhttp.internal.http.RouteSelector,True
True,False,False,False,False,False,5,bidirectionalCondition#org.litepal.crud.One2OneAnalyzer,True
True,False,False,False,False,False,5,calculateClearScore#io.github.lonamiwebs.klooni.game.BaseScorer,True
True,False,False,False,False,False,5,detachTimeout#com.squareup.okhttp.internal.http.Http1xStream,True
True,False,False,False,False,False,5,shouldGiveModelIdValue#org.litepal.crud.SaveHandler,True
True,False,False,False,False,False,5,clearAssociatedData#org.litepal.crud.DataSupport,True
True,False,False,False,False,False,5,bind#subreddit.android.appstore.screens.list.FilterListAdapter$ViewHolder$$ViewBinder,True
True,False,False,False,False,False,5,isCollection#org.litepal.LitePalBase,True
True,False,False,False,False,False,5,compare#com.badlogic.gdx.graphics.g3d.decals.SimpleOrthoGroupStrategy$Comparator,True
True,False,False,False,False,False,5,removeInternalByKey#com.google.gson.internal.LinkedTreeMap,True
True,False,False,False,False,False,5,removeInternalByKey#com.google.gson.internal.LinkedHashTreeMap,True
True,False,False,False,False,False,5,compare#de.cketti.changelog.MergedChangeLogProvider$VersionCodeComparator,True
True,False,False,False,False,False,4,isValidVersion#com.google.gson.internal.Excluder,True
True,False,False,False,False,False,4,apply#retrofit2.ParameterHandler$RawPart,True
True,False,False,False,False,False,4,onNext#io.reactivex.internal.operators.flowable.FlowableFilter$FilterSubscriber,True
True,False,False,False,False,False,4,onNext#io.reactivex.internal.operators.flowable.FlowableDistinctUntilChanged$DistinctUntilChangedSubscriber,True
True,False,False,False,False,False,4,isInBounds#com.github.mikephil.charting.utils.ViewPortHandler,True
True,False,False,False,False,False,4,pushedStream#okhttp3.internal.http2.Http2Connection,True
True,False,False,False,False,False,4,resolve#com.badlogic.gdx.assets.AssetLoadingTask,True
True,False,False,False,False,False,4,isNeedtoGiveACopy#org.litepal.tablemanager.AssociationCreator,True
True,False,False,False,False,False,4,clear#io.reactivex.internal.queue.MpscLinkedQueue,True
True,False,False,False,False,False,4,removeAssociations#org.litepal.tablemanager.AssociationUpdater,True
True,False,False,False,False,False,4,unbind#subreddit.android.appstore.screens.navigation.NavigationFragment$$ViewBinder$InnerUnbinder,True
True,False,False,False,False,False,4,onNext#io.reactivex.internal.operators.flowable.FlowableDistinctUntilChanged$DistinctUntilChangedConditionalSubscriber,True
True,False,False,False,False,False,4,onComplete#io.reactivex.processors.AsyncProcessor$AsyncSubscription,True
True,False,False,False,False,False,4,clear#io.reactivex.internal.operators.maybe.MaybeMergeArray$MpscFillOnceSimpleQueue,True
True,False,False,False,False,False,4,dealAssociatedModel#org.litepal.crud.Many2ManyAnalyzer,True
True,False,False,False,False,False,4,dropTables#org.litepal.tablemanager.Dropper,True
True,False,False,False,False,False,4,interactHostname#de.duenndns.ssl.MemorizingTrustManager,True
True,False,False,False,False,False,4,shouldDrawValues#com.github.mikephil.charting.renderer.BarLineScatterCandleBubbleRenderer,True
True,False,False,False,False,False,4,c_#com.fairphone.fplauncher3.jl,True
True,False,False,False,False,False,4,isFullyZoomedOut#com.github.mikephil.charting.utils.ViewPortHandler,True
True,False,False,False,False,False,4,ak#com.fairphone.fplauncher3.Workspace,True
True,False,False,False,False,False,4,distance2#calculator.GraphView,True
True,False,False,False,False,False,4,isStaticHeader#com.squareup.okhttp.internal.framed.Hpack$Reader,True
True,False,False,False,False,False,4,shouldGetOrSet#org.litepal.crud.DataHandler,True
True,False,False,False,False,False,4,next#edu.emory.mathcs.backport.java.util.concurrent.ConcurrentSkipListMap$KeyIterator,True
True,False,False,False,False,False,4,set#com.squareup.okhttp.Headers$Builder,True
True,False,False,False,False,False,4,unfocusAll#com.badlogic.gdx.scenes.scene2d.Stage,True
True,False,False,False,False,False,4,unbind#subreddit.android.appstore.screens.settings.AboutActivity$$ViewBinder$InnerUnbinder,True
True,False,False,False,False,False,4,next#edu.emory.mathcs.backport.java.util.concurrent.ConcurrentSkipListMap$SubMap$SubMapKeyIterator,True
True,False,False,False,False,False,4,estimateLength#com.badlogic.gdx.files.FileHandle,True
True,False,False,False,False,False,4,resolve#okhttp3.HttpUrl,True
True,False,False,False,False,False,4,out#com.badlogic.gdx.math.Interpolation$Bounce,True
True,False,False,False,False,False,4,inBounds#edu.emory.mathcs.backport.java.util.concurrent.ConcurrentSkipListMap$SubMap,True
True,False,False,False,False,False,4,onNext#io.reactivex.internal.operators.flowable.FlowableFilter$FilterConditionalSubscriber,True
True,False,False,False,False,False,4,isInBoundsX#com.github.mikephil.charting.utils.ViewPortHandler,True
True,False,False,False,False,False,4,setIndex#edu.emory.mathcs.backport.java.util.concurrent.ScheduledThreadPoolExecutor$DelayedWorkQueue,True
True,False,False,False,False,False,4,isSkipMemoryCacheWithCompletePreviousRequest#com.bumptech.glide.RequestBuilder,True
True,False,False,False,False,False,4,reset#com.badlogic.gdx.utils.Pool,True
True,False,False,False,False,False,4,set#okhttp3.Headers$Builder,True
True,False,False,False,False,False,4,isViewStateAndSizeValid#com.bumptech.glide.request.target.ViewTarget$SizeDeterminer,True
True,False,False,False,False,False,4,next#edu.emory.mathcs.backport.java.util.concurrent.ConcurrentSkipListMap$EntryIterator,True
True,False,False,False,False,False,4,loadSync#com.badlogic.gdx.maps.tiled.AtlasTmxMapLoader,True
True,False,False,False,False,False,4,isInBoundsY#com.github.mikephil.charting.utils.ViewPortHandler,True
True,False,False,False,False,False,4,next#edu.emory.mathcs.backport.java.util.concurrent.ConcurrentSkipListMap$SubMap$SubMapEntryIterator,True
True,False,False,False,False,False,4,isSizeValid#com.bumptech.glide.request.target.ViewTarget$SizeDeterminer,True
True,False,False,False,False,False,4,isAffectAllLines#org.litepal.crud.DataHandler,True
True,False,False,False,False,False,4,charset#com.squareup.okhttp.ResponseBody,True
True,False,False,False,False,False,4,getMarkerPosition#com.github.mikephil.charting.charts.Chart,True
True,False,False,False,False,False,4,e#com.fairphone.fplauncher3.AppsCustomizePagedView,True
True,False,False,False,False,False,4,checkHiRange#edu.emory.mathcs.backport.java.util.TreeMap$NavigableSubMap,True
True,False,False,False,False,False,4,checkLoRange#edu.emory.mathcs.backport.java.util.TreeMap$NavigableSubMap,True
True,False,False,False,False,False,4,getDate#com.squareup.okhttp.Headers,True
True,False,False,False,False,False,4,g#androidx.versionedparcelable.a,True
True,False,False,False,False,False,4,interactCert#de.duenndns.ssl.MemorizingTrustManager,True
True,False,False,False,False,False,4,isLiteral#com.google.gson.stream.JsonReader,True
True,False,False,False,False,False,4,isFinite#org.javia.arity.Complex,True
True,False,False,False,False,False,4,needsTransformation#com.squareup.picasso.Request,True
True,False,False,False,False,False,4,onComplete#io.reactivex.subjects.AsyncSubject$AsyncDisposable,True
True,False,False,False,False,False,3,bind#subreddit.android.appstore.screens.details.AppDetailsActivity$$ViewBinder,True
True,False,False,False,False,False,3,getLineData#com.github.mikephil.charting.charts.CombinedChart,True
True,False,False,False,False,False,3,isWhitespace#com.badlogic.gdx.graphics.g2d.BitmapFont$BitmapFontData,True
True,False,False,False,False,False,3,onComplete#io.reactivex.internal.operators.flowable.FlowableRetryWhen$RetryWhenSubscriber,True
True,False,False,False,False,False,3,onError#io.reactivex.internal.operators.flowable.FlowableRepeatWhen$RepeatWhenSubscriber,True
True,False,False,False,False,False,3,recycle#com.bumptech.glide.load.resource.gif.GifDrawableResource,True
True,False,False,False,False,False,3,exitAndThrowIfTimedOut#okhttp3.internal.http2.Http2Stream$StreamTimeout,True
True,False,False,False,False,False,3,safeSequence#com.bumptech.glide.load.engine.GlideException$IndentedAppendable,True
True,False,False,False,False,False,3,equals#com.badlogic.gdx.graphics.g3d.shaders.DefaultShader,True
True,False,False,False,False,False,3,unbind#subreddit.android.appstore.screens.MainActivity$$ViewBinder$InnerUnbinder,True
True,False,False,False,False,False,3,isUtc#net.fortuna.ical4j.model.property.DateProperty,True
True,False,False,False,False,False,3,getText#calculator.History,True
True,False,False,False,False,False,3,getBarData#com.github.mikephil.charting.charts.CombinedChart,True
True,False,False,False,False,False,3,begin#com.badlogic.gdx.graphics.glutils.GLFrameBuffer,True
True,False,False,False,False,False,3,isDrawingValuesAllowed#com.github.mikephil.charting.renderer.DataRenderer,True
True,False,False,False,False,False,3,canZoomIn#calculator.Graph3dView,True
True,False,False,False,False,False,3,get#com.bumptech.glide.load.engine.bitmap_recycle.AttributeStrategy$KeyPool,True
True,False,False,False,False,False,3,clear#com.badlogic.gdx.scenes.scene2d.Actor,True
True,False,False,False,False,False,3,assertComponent#net.fortuna.ical4j.data.CalendarBuilder,True
True,False,False,False,False,False,3,readLiteralHeaderWithIncrementalIndexingNewName#com.squareup.okhttp.internal.framed.Hpack$Reader,True
True,False,False,False,False,False,3,next#com.google.gson.internal.LinkedTreeMap$KeySet$1,True
True,False,False,False,False,False,3,equals#com.badlogic.gdx.graphics.g3d.Attribute,True
True,False,False,False,False,False,3,get#com.bumptech.glide.load.engine.bitmap_recycle.SizeStrategy$KeyPool,True
True,False,False,False,False,False,3,n#com.fairphone.fplauncher3.Workspace,True
True,False,False,False,False,False,3,get#com.bumptech.glide.load.engine.bitmap_recycle.SizeConfigStrategy$KeyPool,True
True,False,False,False,False,False,3,getBubbleData#com.github.mikephil.charting.charts.CombinedChart,True
True,False,False,False,False,False,3,setNickname#indrora.atomic.irc.IRCConnection,True
True,False,False,False,False,False,3,exitAndThrowIfTimedOut#okhttp3.internal.framed.FramedStream$StreamTimeout,True
True,False,False,False,False,False,3,setResourceInternal#com.bumptech.glide.request.target.ImageViewTarget,True
True,False,False,False,False,False,3,next#com.google.gson.internal.LinkedHashTreeMap$KeySet$1,True
True,False,False,False,False,False,3,assertProperty#net.fortuna.ical4j.data.CalendarBuilder,True
True,False,False,False,False,False,3,c#com.fairphone.fplauncher3.AppsCustomizePagedView,True
True,False,False,False,False,False,3,ad#com.fairphone.fplauncher3.Workspace,True
True,False,False,False,False,False,3,next#edu.emory.mathcs.backport.java.util.concurrent.ConcurrentSkipListMap$ValueIterator,True
True,False,False,False,False,False,3,get#com.bumptech.glide.load.engine.bitmap_recycle.LruArrayPool$KeyPool,True
True,False,False,False,False,False,3,p#com.fairphone.fplauncher3.jl,True
True,False,False,False,False,False,3,canZoomOut#calculator.Graph3dView,True
True,False,False,False,False,False,3,exit#okio.AsyncTimeout,True
True,False,False,False,False,False,3,getCandleData#com.github.mikephil.charting.charts.CombinedChart,True
True,False,False,False,False,False,3,exitAndThrowIfTimedOut#com.squareup.okhttp.internal.framed.FramedStream$StreamTimeout,True
True,False,False,False,False,False,3,next#edu.emory.mathcs.backport.java.util.concurrent.ConcurrentSkipListMap$SubMap$SubMapValueIterator,True
True,False,False,False,False,False,3,equals#com.badlogic.gdx.graphics.g3d.particles.ParticleShader,True
True,False,False,False,False,False,3,getScatterData#com.github.mikephil.charting.charts.CombinedChart,True
True,False,False,False,False,False,3,buildConnection#okhttp3.internal.connection.RealConnection,True
True,False,False,False,False,False,3,getAndNullValue#io.reactivex.internal.queue.LinkedQueueNode,True
True,False,False,False,False,False,3,setSmoothingUniform#com.badlogic.gdx.graphics.g2d.DistanceFieldFont$DistanceFieldFontCache,True
True,False,False,False,False,False,3,hasLoadPath#com.bumptech.glide.load.engine.DecodeHelper,True
True,False,False,False,False,False,3,skipImageData#com.bumptech.glide.gifdecoder.GifHeaderParser,True
True,False,False,False,False,False,3,load#com.badlogic.gdx.graphics.g2d.ParticleEffect,True
True,False,False,False,False,False,3,getDataSetByIndex#com.github.mikephil.charting.data.PieData,True
True,False,False,False,False,False,2,setTimeZone#net.fortuna.ical4j.model.property.DateProperty,True
True,False,False,False,False,False,2,b#com.fairphone.fplauncher3.CropView,True
True,False,False,False,False,False,2,n#com.fairphone.fplauncher3.Launcher,True
True,False,False,False,False,False,2,declareAssociations#org.litepal.crud.Many2ManyAnalyzer,True
True,False,False,False,False,False,2,notifyDataChanged#com.github.mikephil.charting.data.ChartData,True
True,False,False,False,False,False,2,b#com.fairphone.fplauncher3.dv,True
True,False,False,False,False,False,2,dispatchBitmapTransformed#com.squareup.picasso.Stats,True
True,False,False,False,False,False,2,a#com.fairphone.fplauncher3.BubbleTextView,True
True,False,False,False,False,False,2,setFontScale#com.badlogic.gdx.scenes.scene2d.ui.Label,True
True,False,False,False,False,False,2,debugAll#com.badlogic.gdx.scenes.scene2d.Group,True
True,False,False,False,False,False,2,write#com.google.gson.internal.bind.TypeAdapters$5,True
True,False,False,False,False,False,2,beginObject#com.google.gson.stream.JsonWriter,True
True,False,False,False,False,False,2,mightClearFKValue#org.litepal.crud.AssociationsAnalyzer,True
True,False,False,False,False,False,2,draw#com.badlogic.gdx.graphics.g2d.Sprite,True
True,False,False,False,False,False,2,onResume#com.badlogic.gdx.backends.android.AndroidInput,True
True,False,False,False,False,False,2,clearPattern#com.lzx.lock.widget.LockPatternView,True
True,False,False,False,False,False,2,set#edu.emory.mathcs.backport.java.util.concurrent.FutureTask,True
True,False,False,False,False,False,2,onResourceReady#com.bumptech.glide.request.target.NotificationTarget,True
True,False,False,False,False,False,2,setVisibleXRangeMaximum#com.github.mikephil.charting.charts.BarLineChartBase,True
True,False,False,False,False,False,2,onError#io.reactivex.internal.operators.flowable.FlowableRetryWhen$RetryWhenSubscriber,True
True,False,False,False,False,False,2,accept#io.reactivex.internal.operators.observable.ObservableBufferTimed$BufferExactUnboundedSubscriber,True
True,False,False,False,False,False,2,onDisposed#io.reactivex.disposables.SubscriptionDisposable,True
True,False,False,False,False,False,2,setReverseAssociatedModels#org.litepal.crud.AssociationsAnalyzer,True
True,False,False,False,False,False,2,kick#org.jibble.pircbot.PircBot,True
True,False,False,False,False,False,2,N#com.fairphone.fplauncher3.jl,True
True,False,False,False,False,False,2,write#com.google.gson.internal.bind.TypeAdapters$11,True
True,False,False,False,False,False,2,getInterpolation#com.fairphone.fplauncher3.js,True
True,False,False,False,False,False,2,write#com.google.gson.internal.bind.TypeAdapters$14,True
True,False,False,False,False,False,2,logWithTimeAndKey#com.bumptech.glide.load.engine.DecodeJob,True
True,False,False,False,False,False,2,a#com.fairphone.fplauncher3.do,True
True,False,False,False,False,False,2,quitServer#org.jibble.pircbot.PircBot,True
True,False,False,False,False,False,2,setToOrtho2D#com.badlogic.gdx.math.Matrix4,True
True,False,False,False,False,False,2,accept#io.reactivex.internal.operators.flowable.FlowableBufferExactBoundary$BufferExactBoundarySubscriber,True
True,False,False,False,False,False,2,destroySurface#com.badlogic.gdx.backends.android.surfaceview.GLSurfaceViewAPI18$EglHelper,True
True,False,False,False,False,False,2,unlockCommApplication#com.lzx.lock.db.CommLockInfoManager,True
True,False,False,False,False,False,2,write#com.google.gson.internal.bind.TypeAdapters$17,True
True,False,False,False,False,False,2,start#okhttp3.internal.framed.FramedConnection,True
True,False,False,False,False,False,2,O#com.fairphone.fplauncher3.jl,True
True,False,False,False,False,False,2,w#timber.log.Timber$Tree,True
True,False,False,False,False,False,2,disposeColorTexture#com.badlogic.gdx.graphics.glutils.FrameBufferCubemap,True
True,False,False,False,False,False,2,onBindSDMViewHolder#subreddit.android.appstore.screens.list.AppListAdapter,True
True,False,False,False,False,False,2,onNext#io.reactivex.internal.operators.flowable.FlowableBufferBoundary$BufferCloseSubscriber,True
True,False,False,False,False,False,2,clearMemory#com.bumptech.glide.util.LruCache,True
True,False,False,False,False,False,2,request#io.reactivex.internal.operators.flowable.FlowableConcatMap$ConcatMapImmediate,True
True,False,False,False,False,False,2,doEnter#calculator.Calculator,True
True,False,False,False,False,False,2,accept#io.reactivex.internal.operators.flowable.FlowableScanSeed$ScanSeedSubscriber,True
True,False,False,False,False,False,2,setIdent#indrora.atomic.irc.IRCConnection,True
True,False,False,False,False,False,2,lockCommApplication#com.lzx.lock.db.CommLockInfoManager,True
True,False,False,False,False,False,2,drawDebug#com.badlogic.gdx.scenes.scene2d.Actor,True
True,False,False,False,False,False,2,beginArray#com.google.gson.stream.JsonWriter,True
True,False,False,False,False,False,2,onStop#com.bumptech.glide.manager.DefaultConnectivityMonitor,True
True,False,False,False,False,False,2,onNext#io.reactivex.internal.operators.observable.ObservableBufferBoundary$BufferCloseSubscriber,True
True,False,False,False,False,False,2,dealAssociatedModelOnOneSide#org.litepal.crud.Many2OneAnalyzer,True
True,False,False,False,False,False,2,noNewStreams#com.squareup.okhttp.internal.http.StreamAllocation,True
True,False,False,False,False,False,2,Q#com.fairphone.fplauncher3.jl,True
True,False,False,False,False,False,2,onStart#com.bumptech.glide.manager.DefaultConnectivityMonitor,True
True,False,False,False,False,False,2,onResourceReady#com.bumptech.glide.request.target.AppWidgetTarget,True
True,False,False,False,False,False,2,onBindViewHolder#subreddit.android.appstore.util.ui.BaseAdapter,True
True,False,False,False,False,False,2,loadSync#com.badlogic.gdx.maps.tiled.TmxMapLoader,True
True,False,False,False,False,False,2,append#com.badlogic.gdx.utils.StringBuilder,True
True,False,False,False,False,False,2,onLater#nerd.tuxmobil.fahrplan.congress.ChangesDialog,True
True,False,False,False,False,False,2,q#com.fairphone.fplauncher3.jl,True
True,False,False,False,False,False,2,S#com.fairphone.fplauncher3.jl,True
True,False,False,False,False,False,2,setRealName#indrora.atomic.irc.IRCConnection,True
True,False,False,False,False,False,2,add#com.squareup.okhttp.Headers$Builder,True
True,False,False,False,False,False,2,toFront#com.badlogic.gdx.scenes.scene2d.Actor,True
True,False,False,False,False,False,2,getSmoothingFactor#com.badlogic.gdx.graphics.g2d.DistanceFieldFont$DistanceFieldFontCache,True
True,False,False,False,False,False,2,onPresenterReady#subreddit.android.appstore.screens.list.AppListFragment,True
True,False,False,False,False,False,2,superClassQuitServer#indrora.atomic.irc.IRCConnection,True
True,False,False,False,False,False,2,scrollTo#com.badlogic.gdx.scenes.scene2d.ui.ScrollPane,True
True,False,False,False,False,False,2,drawAdjusted#com.badlogic.gdx.graphics.g2d.CpuSpriteBatch,True
True,False,False,False,False,False,2,setAlignment#com.badlogic.gdx.scenes.scene2d.ui.Label,True
True,False,False,False,False,False,2,buildBidirectionalAssociations#org.litepal.crud.AssociationsAnalyzer,True
True,False,False,False,False,False,2,onNext#io.reactivex.internal.subscribers.observable.BlockingLastObserver,True
True,False,False,False,False,False,2,write#com.google.gson.internal.bind.TypeAdapters$6,True
True,False,False,False,False,False,2,updateEdited#calculator.History,True
True,False,False,False,False,False,2,writePing#okhttp3.internal.ws.WebSocketWriter,True
True,False,False,False,False,False,2,readLiteralHeaderWithIncrementalIndexingIndexedName#com.squareup.okhttp.internal.framed.Hpack$Reader,True
True,False,False,False,False,False,2,unidirectionalCondition#org.litepal.crud.One2OneAnalyzer,True
True,False,False,False,False,False,2,onNext#io.reactivex.internal.subscribers.flowable.BlockingLastSubscriber,True
True,False,False,False,False,False,2,p#com.fairphone.fplauncher3.AppsCustomizePagedView,True
True,False,False,False,False,False,2,onStart#io.reactivex.subscribers.DefaultSubscriber,True
True,False,False,False,False,False,2,accept#io.reactivex.internal.operators.flowable.FlowableBufferBoundary$BufferBoundarySubscriber,True
True,False,False,False,False,False,2,disposeColorTexture#com.badlogic.gdx.graphics.glutils.FrameBuffer,True
True,False,False,False,False,False,2,accept#io.reactivex.internal.operators.observable.ObservableBufferTimed$BufferExactBoundedSubscriber,True
True,False,False,False,False,False,2,doExport#com.markuspage.android.atimetracker.Activities,True
True,False,False,False,False,False,2,c#com.fairphone.fplauncher3.CellLayout,True
True,False,False,False,False,False,2,accept#io.reactivex.internal.operators.observable.ObservableBufferBoundarySupplier$BufferBoundarySupplierSubscriber,True
True,False,False,False,False,False,2,unbind#subreddit.android.appstore.screens.settings.SettingsActivity$$ViewBinder$InnerUnbinder,True
True,False,False,False,False,False,2,a#org.a.a.a.a.b,True
True,False,False,False,False,False,2,dispatchBitmapDecoded#com.squareup.picasso.Stats,True
True,False,False,False,False,False,2,writePong#okhttp3.internal.ws.WebSocketWriter,True
True,False,False,False,False,False,2,onResourceReady#com.bumptech.glide.load.resource.gif.GifFrameLoader$DelayTarget,True
True,False,False,False,False,False,2,initialize#com.badlogic.gdx.backends.android.AndroidApplication,True
True,False,False,False,False,False,2,onLowMemory#com.bumptech.glide.Glide,True
True,False,False,False,False,False,2,setException#edu.emory.mathcs.backport.java.util.concurrent.FutureTask,True
True,False,False,False,False,False,2,setScale#com.badlogic.gdx.graphics.g2d.BitmapFont$BitmapFontData,True
True,False,False,False,False,False,2,currencyToCurrency#eu.uwot.fabio.altcoinprices.utils.Coin,True
True,False,False,False,False,False,2,cancel#io.reactivex.subscribers.DisposableSubscriber,True
True,False,False,False,False,False,2,debugAll#com.badlogic.gdx.scenes.scene2d.ui.Table,True
True,False,False,False,False,False,2,accept#io.reactivex.internal.operators.observable.ObservableBufferBoundary$BufferBoundarySubscriber,True
True,False,False,False,False,False,2,accept#io.reactivex.internal.operators.observable.ObservableBufferTimed$BufferSkipBoundedSubscriber,True
True,False,False,False,False,False,2,accept#io.reactivex.internal.operators.observable.ObservableBufferExactBoundary$BufferExactBoundarySubscriber,True
True,False,False,False,False,False,2,noNewStreams#okhttp3.internal.connection.StreamAllocation,True
True,False,False,False,False,False,2,onItemEvicted#com.bumptech.glide.load.model.ModelCache$1,True
True,False,False,False,False,False,2,accept#io.reactivex.internal.operators.flowable.FlowableBufferTimed$BufferSkipBoundedSubscriber,True
True,False,False,False,False,False,2,request#io.reactivex.internal.operators.flowable.FlowableConcatMap$ConcatMapDelayed,True
True,False,False,False,False,False,1,iterator#com.badlogic.gdx.utils.ObjectIntMap$Entries,True
True,False,False,False,False,False,1,iterator#com.badlogic.gdx.utils.ObjectMap$Entries,True
True,False,False,False,False,False,1,allowIllegalNames#net.fortuna.ical4j.model.AbstractContentFactory,True
True,False,False,False,False,False,1,onMessage#org.jibble.pircbot.PircBot,True
True,False,False,False,False,False,1,getComponent#net.fortuna.ical4j.model.Calendar,True
True,False,False,False,False,False,1,callStart#okhttp3.EventListener,True
True,False,False,False,False,False,1,addChannel#com.badlogic.gdx.graphics.g3d.particles.ParallelArray,True
True,False,False,False,False,False,1,build#com.squareup.okhttp.CacheControl$Builder,True
True,False,False,False,False,False,1,create#subreddit.android.appstore.screens.list.AppListModule$1,True
True,False,False,False,False,False,1,onLoadStarted#com.bumptech.glide.request.RequestFutureTarget,True
True,False,False,False,False,False,1,convert#retrofit2.BuiltInConverters$StreamingResponseBodyConverter,True
True,False,False,False,False,False,1,getProperties#net.fortuna.ical4j.model.Component,True
True,False,False,False,False,False,1,end#com.badlogic.gdx.scenes.scene2d.actions.TemporalAction,True
True,False,False,False,False,False,1,accept#io.reactivex.internal.operators.observable.ObservableWindowTimed$WindowSkipSubscriber,True
True,False,False,False,False,False,1,getServerEvent#indrora.atomic.model.ColorScheme,True
True,False,False,False,False,False,1,clicked#com.badlogic.gdx.scenes.scene2d.utils.ClickListener,True
True,False,False,False,False,False,1,init#com.badlogic.gdx.graphics.g3d.particles.ParticleControllerComponent,True
True,False,False,False,False,False,1,childrenChanged#com.badlogic.gdx.scenes.scene2d.Group,True
True,False,False,False,False,False,1,isDisposed#io.reactivex.internal.disposables.EmptyDisposable,True
True,False,False,False,False,False,1,getDrawable#com.bumptech.glide.request.target.DrawableThumbnailImageViewTarget,True
True,False,False,False,False,False,1,setFromAxis#com.badlogic.gdx.math.Quaternion,True
True,False,False,False,False,False,1,requestHeadersStart#okhttp3.EventListener,True
True,False,False,False,False,False,1,handles#com.bumptech.glide.load.model.stream.HttpGlideUrlLoader,True
True,False,False,False,False,False,1,callAdapter#retrofit2.Retrofit,True
True,False,False,False,False,False,1,removeCallback#com.bumptech.glide.request.RequestFutureTarget,True
True,False,False,False,False,False,1,requestFusion#io.reactivex.internal.operators.flowable.FlowableDistinctUntilChanged$DistinctUntilChangedConditionalSubscriber,True
True,False,False,False,False,False,1,parseBody#subreddit.android.appstore.backend.parser.BodyParser,True
True,False,False,False,False,False,1,getItem#calculator.HistoryAdapter,True
True,False,False,False,False,False,1,leaveTransform#io.reactivex.internal.operators.flowable.FlowableReplay$BoundedReplayBuffer,True
True,False,False,False,False,False,1,onDestroy#subreddit.android.appstore.screens.list.AppListPresenter,True
True,False,False,False,False,False,1,getItemId#com.markuspage.android.atimetracker.Activities$ActivityAdapter,True
True,False,False,False,False,False,1,v#com.fairphone.fplauncher3.Workspace,True
True,False,False,False,False,False,1,onError#io.reactivex.internal.operators.observable.BlockingObservableLatest$LatestObserverIterator,True
True,False,False,False,False,False,1,onServerResponse#org.jibble.pircbot.PircBot,True
True,False,False,False,False,False,1,iterator#com.badlogic.gdx.utils.ObjectFloatMap,True
True,False,False,False,False,False,1,getStyle#com.badlogic.gdx.scenes.scene2d.ui.Slider,True
True,False,False,False,False,False,1,onSaveInstanceState#subreddit.android.appstore.screens.list.AppListPresenter,True
True,False,False,False,False,False,1,truncateFinal#io.reactivex.internal.operators.observable.ObservableReplay$BoundedReplayBuffer,True
True,False,False,False,False,False,1,handles#com.bumptech.glide.load.resource.bitmap.Downsampler,True
True,False,False,False,False,False,1,clear#io.reactivex.internal.disposables.EmptyDisposable,True
True,False,False,False,False,False,1,getTimeZoneUrl#net.fortuna.ical4j.model.component.VTimeZone,True
True,False,False,False,False,False,1,next#com.badlogic.gdx.utils.ObjectMap$Entries,True
True,False,False,False,False,False,1,getAssociatedModels#org.litepal.crud.DataHandler,True
True,False,False,False,False,False,1,getEnd#net.fortuna.ical4j.model.Period,True
True,False,False,False,False,False,1,getItemId#calculator.HistoryAdapter,True
True,False,False,False,False,False,1,enterTransform#io.reactivex.internal.operators.observable.ObservableReplay$BoundedReplayBuffer,True
True,False,False,False,False,False,1,newStream#okhttp3.internal.framed.FramedConnection,True
True,False,False,False,False,False,1,onException#okhttp3.internal.cache.FaultHidingSink,True
True,False,False,False,False,False,1,getBackground#indrora.atomic.model.ColorScheme,True
True,False,False,False,False,False,1,draw#com.badlogic.gdx.scenes.scene2d.Actor,True
True,False,False,False,False,False,1,getReverseAssociatedModels#org.litepal.crud.AssociationsAnalyzer,True
True,False,False,False,False,False,1,compareTo#com.badlogic.gdx.graphics.g3d.attributes.BlendingAttribute,True
True,False,False,False,False,False,1,requestBodyConverter#retrofit2.Converter$Factory,True
True,False,False,False,False,False,1,onSetChannelBan#org.jibble.pircbot.PircBot,True
True,False,False,False,False,False,1,removeActor#com.badlogic.gdx.scenes.scene2d.Group,True
True,False,False,False,False,False,1,onSubscribe#io.reactivex.subjects.SerializedSubject,True
True,False,False,False,False,False,1,nichts#org.secuso.privacyfriendly2048.activities.helper.Gestures,True
True,False,False,False,False,False,1,build#com.squareup.okhttp.CertificatePinner$Builder,True
True,False,False,False,False,False,1,build#com.squareup.okhttp.Headers$Builder,True
True,False,False,False,False,False,1,accept#io.reactivex.internal.operators.flowable.FlowableWindowBoundarySupplier$WindowBoundaryMainSubscriber,True
True,False,False,False,False,False,1,get#dagger.internal.SetFactory$1,True
True,False,False,False,False,False,1,add#net.fortuna.ical4j.model.ComponentList,True
True,False,False,False,False,False,1,keyUp#com.badlogic.gdx.scenes.scene2d.InputListener,True
True,False,False,False,False,False,1,newListener#com.angrydoughnuts.android.alarmclock.MediaPicker,True
True,False,False,False,False,False,1,onSaveInstanceState#subreddit.android.appstore.screens.navigation.NavigationPresenter,True
True,False,False,False,False,False,1,compareTo#com.badlogic.gdx.graphics.g3d.attributes.ColorAttribute,True
True,False,False,False,False,False,1,generateDropTempTableSQL#org.litepal.tablemanager.AssociationUpdater,True
True,False,False,False,False,False,1,isJsonNull#com.google.gson.JsonElement,True
True,False,False,False,False,False,1,onSetSecret#org.jibble.pircbot.PircBot,True
True,False,False,False,False,False,1,initBefore#com.lzx.lock.base.BaseFragment,True
True,False,False,False,False,False,1,getSize#com.bumptech.glide.util.LruCache,True
True,False,False,False,False,False,1,accept#io.reactivex.internal.operators.observable.ObservableBlockingSubscribe$3,True
True,False,False,False,False,False,1,onSetInviteOnly#org.jibble.pircbot.PircBot,True
True,False,False,False,False,False,1,poll#io.reactivex.internal.operators.flowable.FlowableRange$BaseRangeSubscription,True
True,False,False,False,False,False,1,dispose#io.reactivex.internal.disposables.EmptyDisposable,True
True,False,False,False,False,False,1,edit#com.bumptech.glide.disklrucache.DiskLruCache,True
True,False,False,False,False,False,1,getStartDate#net.fortuna.ical4j.model.component.VEvent,True
True,False,False,False,False,False,1,getUrl#indrora.atomic.model.ColorScheme,True
True,False,False,False,False,False,1,scrollFocusChanged#com.badlogic.gdx.scenes.scene2d.utils.FocusListener,True
True,False,False,False,False,False,1,onError#io.reactivex.internal.operators.flowable.BlockingFlowableLatest$LatestObserverIterator,True
True,False,False,False,False,False,1,getFont#com.badlogic.gdx.scenes.scene2d.ui.Skin,True
True,False,False,False,False,False,1,onRemoveModerated#org.jibble.pircbot.PircBot,True
True,False,False,False,False,False,1,isChildSelectable#org.secuso.privacyfriendly2048.activities.adapter.HelpExpandableListAdapter,True
True,False,False,False,False,False,1,getSelectedProtocol#com.squareup.okhttp.internal.Platform,True
True,False,False,False,False,False,1,getError#indrora.atomic.model.ColorScheme,True
True,False,False,False,False,False,1,accept#io.reactivex.internal.operators.flowable.FlowableWindowBoundary$WindowBoundaryMainSubscriber,True
True,False,False,False,False,False,1,onSetChannelLimit#org.jibble.pircbot.PircBot,True
True,False,False,False,False,False,1,onLoadCleared#com.bumptech.glide.request.RequestFutureTarget,True
True,False,False,False,False,False,1,onQuit#org.jibble.pircbot.PircBot,True
True,False,False,False,False,False,1,responseHeadersEnd#okhttp3.EventListener,True
True,False,False,False,False,False,1,f#com.a.a.b.a,True
True,False,False,False,False,False,1,onRemoveTopicProtection#org.jibble.pircbot.PircBot,True
True,False,False,False,False,False,1,endArray#com.google.gson.stream.JsonWriter,True
True,False,False,False,False,False,1,getGLFormat#com.badlogic.gdx.graphics.g2d.Gdx2DPixmap,True
True,False,False,False,False,False,1,onStart#io.reactivex.observers.DisposableObserver,True
True,False,False,False,False,False,1,onTopic#org.jibble.pircbot.PircBot,True
True,False,False,False,False,False,1,isDefaultMethod#retrofit2.Platform,True
True,False,False,False,False,False,1,exit#com.badlogic.gdx.scenes.scene2d.InputListener,True
True,False,False,False,False,False,1,onDeVoice#org.jibble.pircbot.PircBot,True
True,False,False,False,False,False,1,result#com.badlogic.gdx.scenes.scene2d.ui.Dialog,True
True,False,False,False,False,False,1,onRemoveSecret#org.jibble.pircbot.PircBot,True
True,False,False,False,False,False,1,scheduleTask#com.badlogic.gdx.utils.Timer,True
True,False,False,False,False,False,1,touchUp#com.badlogic.gdx.scenes.scene2d.InputListener,True
True,False,False,False,False,False,1,newBuilder#com.squareup.okhttp.Response,True
True,False,False,False,False,False,1,shouldRetry#com.squareup.picasso.RequestHandler,True
True,False,False,False,False,False,1,touchDragged#com.badlogic.gdx.scenes.scene2d.InputListener,True
True,False,False,False,False,False,1,onSetNoExternalMessages#org.jibble.pircbot.PircBot,True
True,False,False,False,False,False,1,requestFusion#io.reactivex.internal.operators.flowable.FlowableFilter$FilterSubscriber,True
True,False,False,False,False,False,1,terminated#edu.emory.mathcs.backport.java.util.concurrent.ThreadPoolExecutor,True
True,False,False,False,False,False,1,dragStart#com.badlogic.gdx.scenes.scene2d.utils.DragListener,True
True,False,False,False,False,False,1,beforeExecute#edu.emory.mathcs.backport.java.util.concurrent.ThreadPoolExecutor,True
True,False,False,False,False,False,1,onResourceReady#com.bumptech.glide.util.ViewPreloadSizeProvider$SizeViewTarget,True
True,False,False,False,False,False,1,getItemId#com.fairphone.fplauncher3.applifecycle.a,True
True,False,False,False,False,False,1,requestBodyConverter#retrofit2.Retrofit,True
True,False,False,False,False,False,1,optionalFitCenter#com.bumptech.glide.request.RequestOptions,True
True,False,False,False,False,False,1,pop#com.badlogic.gdx.utils.UBJsonWriter,True
True,False,False,False,False,False,1,lookupConst#org.javia.arity.Symbols,True
True,False,False,False,False,False,1,onCreateActionMode#nerd.tuxmobil.fahrplan.congress.StarredListFragment,True
True,False,False,False,False,False,1,pan#com.badlogic.gdx.scenes.scene2d.utils.ActorGestureListener,True
True,False,False,False,False,False,1,requestFusion#io.reactivex.internal.operators.flowable.FlowableFilter$FilterConditionalSubscriber,True
True,False,False,False,False,False,1,contentLength#okhttp3.RequestBody,True
True,False,False,False,False,False,1,onSettings#com.squareup.okhttp.internal.framed.FramedConnection$Listener,True
True,False,False,False,False,False,1,clear#io.reactivex.internal.operators.flowable.FlowableFromIterable$BaseRangeSubscription,True
True,False,False,False,False,False,1,getItem#indrora.atomic.adapter.ServerListAdapter,True
True,False,False,False,False,False,1,afterHandshake#okhttp3.internal.platform.Platform,True
True,False,False,False,False,False,1,updateDiskCacheKey#com.bumptech.glide.load.resource.UnitTransformation,True
True,False,False,False,False,False,1,onNotice#org.jibble.pircbot.PircBot,True
True,False,False,False,False,False,1,pause#io.github.lonamiwebs.klooni.game.BaseScorer,True
True,False,False,False,False,False,1,onSaveInstanceState#subreddit.android.appstore.screens.details.AppDetailsPresenter,True
True,False,False,False,False,False,1,header#okhttp3.Response,True
True,False,False,False,False,False,1,iterator#com.badlogic.gdx.utils.IdentityMap$Values,True
True,False,False,False,False,False,1,findOptionalView#butterknife.internal.Finder,True
True,False,False,False,False,False,1,getEndDate#net.fortuna.ical4j.model.component.VEvent,True
True,False,False,False,False,False,1,responseBodyEnd#okhttp3.EventListener,True
True,False,False,False,False,False,1,accept#io.reactivex.internal.operators.flowable.FlowableBufferTimed$BufferExactBoundedSubscriber,True
True,False,False,False,False,False,1,getDataClass#com.bumptech.glide.load.data.StreamAssetPathFetcher,True
True,False,False,False,False,False,1,getDataClass#com.bumptech.glide.load.data.FileDescriptorLocalUriFetcher,True
True,False,False,False,False,False,1,onRemoveInviteOnly#org.jibble.pircbot.PircBot,True
True,False,False,False,False,False,1,getDataClass#com.bumptech.glide.load.data.StreamLocalUriFetcher,True
True,False,False,False,False,False,1,onInvite#org.jibble.pircbot.PircBot,True
True,False,False,False,False,False,1,getMaxVisibleCount#com.github.mikephil.charting.charts.PieRadarChartBase,True
True,False,False,False,False,False,1,newStream#okhttp3.internal.http2.Http2Connection,True
True,False,False,False,False,False,1,beforeDownstream#io.reactivex.internal.subscribers.flowable.BasicFuseableSubscriber,True
True,False,False,False,False,False,1,onDeHalfop#org.jibble.pircbot.PircBot,True
True,False,False,False,False,False,1,getForeground#indrora.atomic.model.ColorScheme,True
True,False,False,False,False,False,1,getAssociatedModel#org.litepal.crud.DataHandler,True
True,False,False,False,False,False,1,onStop#com.bumptech.glide.request.RequestFutureTarget,True
True,False,False,False,False,False,1,isOpen#okio.Buffer,True
True,False,False,False,False,False,1,requestFusion#io.reactivex.internal.operators.flowable.FlowableDoOnEach$DoOnEachSubscriber,True
True,False,False,False,False,False,1,init#com.badlogic.gdx.graphics.g3d.particles.values.SpawnShapeValue,True
True,False,False,False,False,False,1,build#com.squareup.okhttp.ConnectionSpec$Builder,True
True,False,False,False,False,False,1,iterator#com.badlogic.gdx.utils.ObjectSet$ObjectSetIterator,True
True,False,False,False,False,False,1,exit#com.badlogic.gdx.backends.android.AndroidLiveWallpaper,True
True,False,False,False,False,False,1,getSliceAngle#com.github.mikephil.charting.charts.RadarChart,True
True,False,False,False,False,False,1,onConnectionMessage#org.jibble.pircbot.PircBot,True
True,False,False,False,False,False,1,generateDropTableSQL#org.litepal.tablemanager.Creator,True
True,False,False,False,False,False,1,header#com.squareup.okhttp.Response,True
True,False,False,False,False,False,1,handles#com.bumptech.glide.load.model.FileLoader,True
True,False,False,False,False,False,1,getChannelEvent#indrora.atomic.model.ColorScheme,True
True,False,False,False,False,False,1,isTransformationSet#com.bumptech.glide.request.RequestOptions,True
True,False,False,False,False,False,1,hasNoDragOffset#com.github.mikephil.charting.charts.BarLineChartBase,True
True,False,False,False,False,False,1,pinch#com.badlogic.gdx.scenes.scene2d.utils.ActorGestureListener,True
True,False,False,False,False,False,1,getTypeClazz#subreddit.android.appstore.screens.details.AppDetailsModule$1,True
True,False,False,False,False,False,1,sizeChanged#com.badlogic.gdx.scenes.scene2d.Actor,True
True,False,False,False,False,False,1,handles#com.bumptech.glide.load.model.stream.UrlLoader,True
True,False,False,False,False,False,1,requestFusion#io.reactivex.internal.operators.flowable.FlowableDistinctUntilChanged$DistinctUntilChangedSubscriber,True
True,False,False,False,False,False,1,timedOut#okio.AsyncTimeout,True
True,False,False,False,False,False,1,getItemId#indrora.atomic.adapter.MessageListAdapter,True
True,False,False,False,False,False,1,onSetPrivate#org.jibble.pircbot.PircBot,True
True,False,False,False,False,False,1,onUserMode#org.jibble.pircbot.PircBot,True
True,False,False,False,False,False,1,dispose#io.reactivex.internal.schedulers.ImmediateThinScheduler$ImmediateThinWorker,True
True,False,False,False,False,False,1,build#com.squareup.okhttp.internal.framed.FramedConnection$Builder,True
True,False,False,False,False,False,1,connectFailed#okhttp3.EventListener,True
True,False,False,False,False,False,1,onUnknown#org.jibble.pircbot.PircBot,True
True,False,False,False,False,False,1,idt#com.badlogic.gdx.math.Quaternion,True
True,False,False,False,False,False,1,accept#io.reactivex.internal.operators.flowable.FlowableWindowBoundarySelector$WindowBoundaryMainSubscriber,True
True,False,False,False,False,False,1,offer#io.reactivex.internal.operators.observable.ObservableRange$RangeDisposable,True
True,False,False,False,False,False,1,onSetChannelKey#org.jibble.pircbot.PircBot,True
True,False,False,False,False,False,1,poll#io.reactivex.internal.subscriptions.EmptySubscription,True
True,False,False,False,False,False,1,iterator#com.badlogic.gdx.utils.IdentityMap$Entries,True
True,False,False,False,False,False,1,allocateChannels#com.badlogic.gdx.graphics.g3d.particles.ParticleControllerComponent,True
True,False,False,False,False,False,1,getParameter#net.fortuna.ical4j.model.Property,True
True,False,False,False,False,False,1,recycle#com.bumptech.glide.load.resource.drawable.NonOwnedDrawableResource,True
True,False,False,False,False,False,1,getBitmap#com.bumptech.glide.request.transition.BitmapTransitionFactory,True
True,False,False,False,False,False,1,encode#com.bumptech.glide.load.resource.bitmap.BitmapDrawableEncoder,True
True,False,False,False,False,False,1,optionalCenterInside#com.bumptech.glide.request.RequestOptions,True
True,False,False,False,False,False,1,responseBodyStart#okhttp3.EventListener,True
True,False,False,False,False,False,1,getOffsetFrom#net.fortuna.ical4j.model.component.Observance,True
True,False,False,False,False,False,1,hasAlpha#com.bumptech.glide.load.resource.bitmap.ImageHeaderParser,True
True,False,False,False,False,False,1,requestFusion#io.reactivex.internal.operators.flowable.FlowableDoOnEach$DoOnEachConditionalSubscriber,True
True,False,False,False,False,False,1,onRemoveChannelBan#org.jibble.pircbot.PircBot,True
True,False,False,False,False,False,1,onIncomingFileTransfer#org.jibble.pircbot.PircBot,True
True,False,False,False,False,False,1,onSwipeLeft#org.secuso.privacyfriendly2048.activities.helper.Gestures,True
True,False,False,False,False,False,1,getPresenterView#subreddit.android.appstore.util.mvp.BasePresenterFragment,True
True,False,False,False,False,False,1,c#com.greenaddress.abcore.RPCIntentService,True
True,False,False,False,False,False,1,isEmpty#io.reactivex.internal.operators.flowable.FlowableIgnoreElements$IgnoreElementsSubscriber,True
True,False,False,False,False,False,1,handle#com.bumptech.glide.load.engine.executor.GlideExecutor$UncaughtThrowableStrategy,True
True,False,False,False,False,False,1,onItemEvicted#com.bumptech.glide.util.LruCache,True
True,False,False,False,False,False,1,onKick#org.jibble.pircbot.PircBot,True
True,False,False,False,False,False,1,onDestroy#com.bumptech.glide.request.RequestFutureTarget,True
True,False,False,False,False,False,1,localToStageCoordinates#com.badlogic.gdx.scenes.scene2d.Actor,True
True,False,False,False,False,False,1,toURL#com.bumptech.glide.load.model.GlideUrl,True
True,False,False,False,False,False,1,i#com.fairphone.fplauncher3.DeleteDropTarget,True
True,False,False,False,False,False,1,clear#io.reactivex.internal.operators.flowable.FlowableIgnoreElements$IgnoreElementsSubscriber,True
True,False,False,False,False,False,1,build#net.fortuna.ical4j.data.CalendarBuilder,True
True,False,False,False,False,False,1,onDestroyActionMode#nerd.tuxmobil.fahrplan.congress.StarredListFragment,True
True,False,False,False,False,False,1,requestFusion#io.reactivex.internal.operators.observable.ObservableDistinctUntilChanged$DistinctUntilChangedObserver,True
True,False,False,False,False,False,1,getPrefix#com.squareup.okhttp.internal.Platform,True
True,False,False,False,False,False,1,compare#com.badlogic.gdx.graphics.g3d.Attributes,True
True,False,False,False,False,False,1,entryIterator#edu.emory.mathcs.backport.java.util.concurrent.ConcurrentSkipListMap$SubMap,True
True,False,False,False,False,False,1,onIncomingChatRequest#org.jibble.pircbot.PircBot,True
True,False,False,False,False,False,1,secureConnectEnd#okhttp3.EventListener,True
True,False,False,False,False,False,1,accept#io.reactivex.internal.operators.observable.ObservableWindowTimed$WindowExactUnboundedSubscriber,True
True,False,False,False,False,False,1,getTimeZoneId#net.fortuna.ical4j.model.component.VTimeZone,True
True,False,False,False,False,False,1,onRemovePrivate#org.jibble.pircbot.PircBot,True
True,False,False,False,False,False,1,next#com.google.gson.internal.LinkedHashTreeMap$EntrySet$1,True
True,False,False,False,False,False,1,configureTlsExtensions#com.squareup.okhttp.internal.Platform,True
True,False,False,False,False,False,1,loadAsync#com.badlogic.gdx.graphics.g3d.particles.ParticleEffectLoader,True
True,False,False,False,False,False,1,accept#io.reactivex.internal.operators.flowable.FlowableWindowTimed$WindowExactBoundedSubscriber,True
True,False,False,False,False,False,1,beforeDownstream#io.reactivex.internal.subscribers.observable.BasicFuseableObserver,True
True,False,False,False,False,False,1,requestFusion#io.reactivex.internal.operators.flowable.FlowableFromArray$BaseArraySubscription,True
True,False,False,False,False,False,1,requestFusion#io.reactivex.internal.operators.flowable.FlowableMap$MapSubscriber,True
True,False,False,False,False,False,1,isPrioritySet#com.bumptech.glide.request.RequestOptions,True
True,False,False,False,False,False,1,tap#com.badlogic.gdx.scenes.scene2d.utils.ActorGestureListener,True
True,False,False,False,False,False,1,iterator#com.badlogic.gdx.utils.ObjectIntMap,True
True,False,False,False,False,False,1,getTopic#indrora.atomic.model.ColorScheme,True
True,False,False,False,False,False,1,patternInProgress#com.lzx.lock.widget.LockPatternViewPattern,True
True,False,False,False,False,False,1,end#com.badlogic.gdx.graphics.g3d.particles.ParticleControllerComponent,True
True,False,False,False,False,False,1,iterator#com.badlogic.gdx.utils.ObjectMap$Values,True
True,False,False,False,False,False,1,onCreate#subreddit.android.appstore.screens.navigation.NavigationPresenter,True
True,False,False,False,False,False,1,permitsRequestBody#com.squareup.okhttp.internal.http.HttpEngine,True
True,False,False,False,False,False,1,onResourceReady#com.bumptech.glide.ListPreloader$PreloadTarget,True
True,False,False,False,False,False,1,responseHeadersStart#okhttp3.EventListener,True
True,False,False,False,False,False,1,getResourceClass#com.bumptech.glide.load.resource.gif.GifDrawableResource,True
True,False,False,False,False,False,1,b_#com.fairphone.fplauncher3.dx,True
True,False,False,False,False,False,1,begin#com.badlogic.gdx.scenes.scene2d.actions.TemporalAction,True
True,False,False,False,False,False,1,generateCreateTableSQL#org.litepal.tablemanager.Creator,True
True,False,False,False,False,False,1,clearAllWhiteList#com.lzx.lock.LockApplication,True
True,False,False,False,False,False,1,decode#com.bumptech.glide.load.resource.drawable.UnitDrawableDecoder,True
True,False,False,False,False,False,1,isJsonArray#com.google.gson.JsonElement,True
True,False,False,False,False,False,1,create#subreddit.android.appstore.screens.details.AppDetailsModule$1,True
True,False,False,False,False,False,1,allowIllegalNames#net.fortuna.ical4j.model.ComponentFactory,True
True,False,False,False,False,False,1,enter#com.badlogic.gdx.scenes.scene2d.InputListener,True
True,False,False,False,False,False,1,requestFusion#io.reactivex.internal.operators.flowable.FlowableMap$MapConditionalSubscriber,True
True,False,False,False,False,False,1,showcase#io.github.lonamiwebs.klooni.actors.ShopCard,True
True,False,False,False,False,False,1,drawItem#com.badlogic.gdx.scenes.scene2d.ui.List,True
True,False,False,False,False,False,1,calculateOnset#net.fortuna.ical4j.model.component.Observance,True
True,False,False,False,False,False,1,G#com.fairphone.fplauncher3.jl,True
True,False,False,False,False,False,1,newArray#indrora.atomic.model.Message$1,True
True,False,False,False,False,False,1,onSwipeRight#org.secuso.privacyfriendly2048.activities.helper.Gestures,True
True,False,False,False,False,False,1,onResourceReady#com.bumptech.glide.RequestManager$ClearTarget,True
True,False,False,False,False,False,1,getDescription#net.fortuna.ical4j.model.component.VEvent,True
True,False,False,False,False,False,1,afterExecute#edu.emory.mathcs.backport.java.util.concurrent.ThreadPoolExecutor,True
True,False,False,False,False,False,1,d#com.a.a.b.a,True
True,False,False,False,False,False,1,onRemoveChannelLimit#org.jibble.pircbot.PircBot,True
True,False,False,False,False,False,1,onError#io.reactivex.internal.operators.flowable.BlockingFlowableNext$NextObserver,True
True,False,False,False,False,False,1,afterDownstream#io.reactivex.internal.subscribers.flowable.BasicFuseableSubscriber,True
True,False,False,False,False,False,1,b#com.fairphone.fplauncher3.d,True
True,False,False,False,False,False,1,onComplete#io.reactivex.internal.operators.observable.BlockingObservableNext$NextObserver,True
True,False,False,False,False,False,1,compareTo#com.badlogic.gdx.graphics.g3d.attributes.DepthTestAttribute,True
True,False,False,False,False,False,1,clone#com.squareup.okhttp.OkHttpClient,True
True,False,False,False,False,False,1,getHighlightPos#com.github.mikephil.charting.highlight.ChartHighlighter,True
True,False,False,False,False,False,1,removeCallback#com.bumptech.glide.request.target.SimpleTarget,True
True,False,False,False,False,False,1,accept#io.reactivex.internal.operators.observable.ObservableWindowBoundarySelector$WindowBoundaryMainSubscriber,True
True,False,False,False,False,False,1,done#edu.emory.mathcs.backport.java.util.concurrent.FutureTask,True
True,False,False,False,False,False,1,newStream#com.squareup.okhttp.internal.framed.FramedConnection,True
True,False,False,False,False,False,1,isDisposed#io.reactivex.internal.schedulers.ImmediateThinScheduler$ImmediateThinWorker,True
True,False,False,False,False,False,1,enterTransform#io.reactivex.internal.operators.flowable.FlowableReplay$BoundedReplayBuffer,True
True,False,False,False,False,False,1,iterator#com.badlogic.gdx.utils.IdentityMap$Keys,True
True,False,False,False,False,False,1,getLocation#net.fortuna.ical4j.model.component.VEvent,True
True,False,False,False,False,False,1,getPresenter#subreddit.android.appstore.util.mvp.PresenterLoader,True
True,False,False,False,False,False,1,drag#com.badlogic.gdx.scenes.scene2d.utils.DragListener,True
True,False,False,False,False,False,1,onStop#com.bumptech.glide.request.target.BaseTarget,True
True,False,False,False,False,False,1,getSummary#net.fortuna.ical4j.model.component.VEvent,True
True,False,False,False,False,False,1,keyDown#com.badlogic.gdx.scenes.scene2d.InputListener,True
True,False,False,False,False,False,1,valueIterator#edu.emory.mathcs.backport.java.util.concurrent.ConcurrentSkipListMap$SubMap,True
True,False,False,False,False,False,1,getItemId#com.markuspage.android.atimetracker.ActivityTimes$TimesAdapter,True
True,False,False,False,False,False,1,onConfigurationChanged#com.bumptech.glide.Glide,True
True,False,False,False,False,False,1,get#com.badlogic.gdx.maps.MapProperties,True
True,False,False,False,False,False,1,handles#com.bumptech.glide.load.model.ByteBufferFileLoader,True
True,False,False,False,False,False,1,accept#io.reactivex.internal.operators.observable.ObservableWindowBoundary$WindowBoundaryMainSubscriber,True
True,False,False,False,False,False,1,isEmpty#io.reactivex.internal.subscriptions.EmptySubscription,True
True,False,False,False,False,False,1,onStart#io.reactivex.observers.DefaultObserver,True
True,False,False,False,False,False,1,get#subreddit.android.appstore.screens.list.AppListModule_ProvideCategoriesFactory,True
True,False,False,False,False,False,1,c#com.b.a.a.a,True
True,False,False,False,False,False,1,getTypeClazz#subreddit.android.appstore.screens.list.AppListModule$1,True
True,False,False,False,False,False,1,positionChanged#com.badlogic.gdx.scenes.scene2d.Actor,True
True,False,False,False,False,False,1,onStart#com.bumptech.glide.manager.NullConnectivityMonitor,True
True,False,False,False,False,False,1,getTypeClazz#subreddit.android.appstore.screens.navigation.NavigationModule$1,True
True,False,False,False,False,False,1,accept#io.reactivex.internal.operators.observable.ObservableWindowBoundarySupplier$WindowBoundaryMainSubscriber,True
True,False,False,False,False,False,1,apply#com.badlogic.gdx.math.Interpolation,True
True,False,False,False,False,False,1,getResourceClass#com.bumptech.glide.load.resource.bitmap.BitmapDrawableResource,True
True,False,False,False,False,False,1,getDependencies#com.badlogic.gdx.assets.loaders.PixmapLoader,True
True,False,False,False,False,False,1,beforeDownstream#io.reactivex.internal.subscribers.flowable.BasicFuseableConditionalSubscriber,True
True,False,False,False,False,False,1,iterator#com.badlogic.gdx.utils.ObjectMap$Keys,True
True,False,False,False,False,False,1,onDestroy#com.bumptech.glide.manager.NullConnectivityMonitor,True
True,False,False,False,False,False,1,accept#io.reactivex.internal.operators.flowable.FlowableBufferBoundarySupplier$BufferBoundarySupplierSubscriber,True
True,False,False,False,False,False,1,restart#com.badlogic.gdx.scenes.scene2d.Action,True
True,False,False,False,False,False,1,connectionReleased#okhttp3.EventListener,True
True,False,False,False,False,False,1,appendMarker#edu.emory.mathcs.backport.java.util.concurrent.ConcurrentSkipListMap$Node,True
True,False,False,False,False,False,1,getSize#com.bumptech.glide.load.resource.gif.GifDrawableResource,True
True,False,False,False,False,False,1,zoom#com.badlogic.gdx.scenes.scene2d.utils.ActorGestureListener,True
True,False,False,False,False,False,1,truncateFinal#io.reactivex.internal.operators.flowable.FlowableReplay$BoundedReplayBuffer,True
True,False,False,False,False,False,1,iterator#com.badlogic.gdx.utils.ObjectFloatMap$Entries,True
True,False,False,False,False,False,1,requestFusion#io.reactivex.internal.operators.flowable.FlowableFromIterable$BaseRangeSubscription,True
True,False,False,False,False,False,1,newArray#com.bumptech.glide.load.engine.bitmap_recycle.ByteArrayAdapter,True
True,False,False,False,False,False,1,handleMotionEvent#org.libsdl.app.SDLJoystickHandler,True
True,False,False,False,False,False,1,onSettings#okhttp3.internal.framed.FramedConnection$Listener,True
True,False,False,False,False,False,1,longPress#com.badlogic.gdx.scenes.scene2d.utils.ActorGestureListener,True
True,False,False,False,False,False,1,onRemoveChannelKey#org.jibble.pircbot.PircBot,True
True,False,False,False,False,False,1,endObject#com.google.gson.stream.JsonWriter,True
True,False,False,False,False,False,1,secureConnectStart#okhttp3.EventListener,True
True,False,False,False,False,False,1,compareTo#com.badlogic.gdx.graphics.g3d.attributes.TextureAttribute,True
True,False,False,False,False,False,1,getItemId#com.fairphone.fplauncher3.kg,True
True,False,False,False,False,False,1,onPrivateMessage#org.jibble.pircbot.PircBot,True
True,False,False,False,False,False,1,onError#io.reactivex.internal.operators.observable.BlockingObservableNext$NextObserver,True
True,False,False,False,False,False,1,valueIterator#edu.emory.mathcs.backport.java.util.concurrent.ConcurrentSkipListMap,True
True,False,False,False,False,False,1,onDeop#org.jibble.pircbot.PircBot,True
True,False,False,False,False,False,1,entryIterator#edu.emory.mathcs.backport.java.util.concurrent.ConcurrentSkipListMap,True
True,False,False,False,False,False,1,onVoice#org.jibble.pircbot.PircBot,True
True,False,False,False,False,False,1,onSetModerated#org.jibble.pircbot.PircBot,True
True,False,False,False,False,False,1,responseBodyConverter#retrofit2.Retrofit,True
True,False,False,False,False,False,1,onDestroy#com.bumptech.glide.manager.DefaultConnectivityMonitor,True
True,False,False,False,False,False,1,createFromParcel#indrora.atomic.model.Message$1,True
True,False,False,False,False,False,1,onUserList#org.jibble.pircbot.PircBot,True
True,False,False,False,False,False,1,requestBodyEnd#okhttp3.EventListener,True
True,False,False,False,False,False,1,onNickChange#org.jibble.pircbot.PircBot,True
True,False,False,False,False,False,1,callFailed#okhttp3.EventListener,True
True,False,False,False,False,False,1,dragStop#com.badlogic.gdx.scenes.scene2d.utils.DragListener,True
True,False,False,False,False,False,1,getItemId#com.fairphone.fplauncher3.ix,True
True,False,False,False,False,False,1,optionalScaleOnlyTransform#com.bumptech.glide.request.RequestOptions,True
True,False,False,False,False,False,1,keyIterator#edu.emory.mathcs.backport.java.util.concurrent.ConcurrentSkipListMap,True
True,False,False,False,False,False,1,mouseMoved#com.badlogic.gdx.scenes.scene2d.InputListener,True
True,False,False,False,False,False,1,scoreToNanos#io.github.lonamiwebs.klooni.game.TimeScorer,True
True,False,False,False,False,False,1,connectionAcquired#okhttp3.EventListener,True
True,False,False,False,False,False,1,truncate#io.reactivex.internal.operators.flowable.FlowableReplay$BoundedReplayBuffer,True
True,False,False,False,False,False,1,defaultCallbackExecutor#retrofit2.Platform,True
True,False,False,False,False,False,1,onComplete#io.reactivex.internal.operators.flowable.BlockingFlowableLatest$LatestObserverIterator,True
True,False,False,False,False,False,1,requestBodyStart#okhttp3.EventListener,True
True,False,False,False,False,False,1,time#com.angrydoughnuts.android.alarmclock.TimePicker,True
True,False,False,False,False,False,1,connectEnd#okhttp3.EventListener,True
True,False,False,False,False,False,1,start#org.javia.arity.TokenConsumer,True
True,False,False,False,False,False,1,getStart#net.fortuna.ical4j.model.Period,True
True,False,False,False,False,False,1,getItemId#com.fairphone.fplauncher3.edgeswipe.editor.a,True
True,False,False,False,False,False,1,compare#com.badlogic.gdx.graphics.g2d.PixmapPacker$SkylineStrategy$1,True
True,False,False,False,False,False,1,onChannelInfo#org.jibble.pircbot.PircBot,True
True,False,False,False,False,False,1,onJoin#org.jibble.pircbot.PircBot,True
True,False,False,False,False,False,1,poll#io.reactivex.internal.disposables.EmptyDisposable,True
True,False,False,False,False,False,1,afterDownstream#io.reactivex.internal.subscribers.observable.BasicFuseableObserver,True
True,False,False,False,False,False,1,dnsStart#okhttp3.EventListener,True
True,False,False,False,False,False,1,onSwipeTop#org.secuso.privacyfriendly2048.activities.helper.Gestures,True
True,False,False,False,False,False,1,onAction#org.jibble.pircbot.PircBot,True
True,False,False,False,False,False,1,resume#io.github.lonamiwebs.klooni.game.BaseScorer,True
True,False,False,False,False,False,1,onFileTransferFinished#org.jibble.pircbot.PircBot,True
True,False,False,False,False,False,1,getHighlight#indrora.atomic.model.ColorScheme,True
True,False,False,False,False,False,1,onComplete#io.reactivex.internal.operators.flowable.BlockingFlowableNext$NextObserver,True
True,False,False,False,False,False,1,changed#com.badlogic.gdx.scenes.scene2d.utils.Selection,True
True,False,False,False,False,False,1,isEmpty#io.reactivex.internal.disposables.EmptyDisposable,True
True,False,False,False,False,False,1,close#okio.Buffer,True
True,False,False,False,False,False,1,rotationChanged#com.badlogic.gdx.scenes.scene2d.Actor,True
True,False,False,False,False,False,1,gameOverReason#io.github.lonamiwebs.klooni.game.BaseScorer,True
True,False,False,False,False,False,1,b#com.fairphone.fplauncher3.ma,True
True,False,False,False,False,False,1,accept#io.reactivex.internal.operators.flowable.FlowableWindowTimed$WindowSkipSubscriber,True
True,False,False,False,False,False,1,newCall#com.squareup.okhttp.OkHttpClient,True
True,False,False,False,False,False,1,optionalCenterCrop#com.bumptech.glide.request.RequestOptions,True
True,False,False,False,False,False,1,now#edu.emory.mathcs.backport.java.util.concurrent.ScheduledThreadPoolExecutor,True
True,False,False,False,False,False,1,onOp#org.jibble.pircbot.PircBot,True
True,False,False,False,False,False,1,isFullyZoomedOut#com.github.mikephil.charting.charts.BarLineChartBase,True
True,False,False,False,False,False,1,restDays#de.nproth.pin.util.Timespan,True
True,False,False,False,False,False,1,compareTo#com.badlogic.gdx.graphics.g3d.attributes.FloatAttribute,True
True,False,False,False,False,False,1,truncate#io.reactivex.internal.operators.observable.ObservableReplay$BoundedReplayBuffer,True
True,False,False,False,False,False,1,onMode#org.jibble.pircbot.PircBot,True
True,False,False,False,False,False,1,addChild#com.badlogic.gdx.graphics.g3d.model.Node,True
True,False,False,False,False,False,1,stringConverter#retrofit2.Converter$Factory,True
True,False,False,False,False,False,1,isJsonPrimitive#com.google.gson.JsonElement,True
True,False,False,False,False,False,1,afterHandshake#com.squareup.okhttp.internal.Platform,True
True,False,False,False,False,False,1,methodError#retrofit2.ServiceMethod$Builder,True
True,False,False,False,False,False,1,clear#io.reactivex.internal.subscriptions.EmptySubscription,True
True,False,False,False,False,False,1,r#com.fairphone.fplauncher3.jl,True
True,False,False,False,False,False,1,onRequested#io.reactivex.internal.operators.flowable.FlowableCreate$BaseEmitter,True
True,False,False,False,False,False,1,onDestroy#subreddit.android.appstore.screens.details.AppDetailsPresenter,True
True,False,False,False,False,False,1,afterDownstream#io.reactivex.internal.subscribers.flowable.BasicFuseableConditionalSubscriber,True
True,False,False,False,False,False,1,touchDown#com.badlogic.gdx.scenes.scene2d.utils.ActorGestureListener,True
True,False,False,False,False,False,1,onCreate#subreddit.android.appstore.screens.list.AppListPresenter,True
True,False,False,False,False,False,1,onSetTopicProtection#org.jibble.pircbot.PircBot,True
True,False,False,False,False,False,1,dnsEnd#okhttp3.EventListener,True
True,False,False,False,False,False,1,scrolled#com.badlogic.gdx.scenes.scene2d.InputListener,True
True,False,False,False,False,False,1,redact#okhttp3.HttpUrl,True
True,False,False,False,False,False,1,create#subreddit.android.appstore.screens.navigation.NavigationModule$1,True
True,False,False,False,False,False,1,getOptionsMenuId#com.lzx.lock.base.BaseFragment,True
True,False,False,False,False,False,1,removeCallback#com.bumptech.glide.ListPreloader$PreloadTarget,True
True,False,False,False,False,False,1,getSize#com.bumptech.glide.load.engine.cache.LruResourceCache,True
True,False,False,False,False,False,1,get#dagger.internal.SetFactory,True
True,False,False,False,False,False,1,supportsReplay#com.squareup.picasso.RequestHandler,True
True,False,False,False,False,False,1,parseString#com.badlogic.gdx.utils.UBJsonReader,True
True,False,False,False,False,False,1,handles#com.bumptech.glide.load.model.ResourceLoader,True
True,False,False,False,False,False,1,onStart#io.reactivex.subscribers.TestSubscriber,True
True,False,False,False,False,False,1,extendBoundingBox#com.badlogic.gdx.graphics.Mesh,True
True,False,False,False,False,False,1,get#dagger.internal.MapProviderFactory,True
True,False,False,False,False,False,1,asBitmapDrawable#com.bumptech.glide.load.resource.bitmap.DrawableTransformation,True
True,False,False,False,False,False,1,accept#io.reactivex.internal.operators.flowable.FlowableBufferTimed$BufferExactUnboundedSubscriber,True
True,False,False,False,False,False,1,apply#io.reactivex.internal.operators.observable.ObservableInternalHelper$ErrorMapperFilter,True
True,False,False,False,False,False,1,hasStableIds#org.secuso.privacyfriendly2048.activities.adapter.HelpExpandableListAdapter,True
True,False,False,False,False,False,1,find#org.litepal.crud.ClusterQuery,True
True,False,False,False,False,False,1,onConnect#org.jibble.pircbot.PircBot,True
True,False,False,False,False,False,1,newBuilder#com.squareup.okhttp.Request,True
True,False,False,False,False,False,1,callEnd#okhttp3.EventListener,True
True,False,False,False,False,False,1,until#com.angrydoughnuts.android.alarmclock.TimePicker,True
True,False,False,False,False,False,1,requestFusion#io.reactivex.internal.operators.flowable.FlowableRange$BaseRangeSubscription,True
True,False,False,False,False,False,1,getUserEvent#indrora.atomic.model.ColorScheme,True
True,False,False,False,False,False,1,getPrefix#okhttp3.internal.platform.Platform,True
True,False,False,False,False,False,1,getDataClass#com.bumptech.glide.load.data.FileDescriptorAssetPathFetcher,True
True,False,False,False,False,False,1,onHalfop#org.jibble.pircbot.PircBot,True
True,False,False,False,False,False,1,requestHeadersEnd#okhttp3.EventListener,True
True,False,False,False,False,False,1,next#com.google.gson.internal.LinkedTreeMap$EntrySet$1,True
True,False,False,False,False,False,1,fling#com.badlogic.gdx.scenes.scene2d.utils.ActorGestureListener,True
True,False,False,False,False,False,1,taskFailed#com.badlogic.gdx.assets.AssetManager,True
True,False,False,False,False,False,1,isPrioritySet#com.bumptech.glide.request.BaseRequestOptions,True
True,False,False,False,False,False,1,getDataClass#com.bumptech.glide.load.data.AssetFileDescriptorLocalUriFetcher,True
True,False,False,False,False,False,1,isJsonObject#com.google.gson.JsonElement,True
True,False,False,False,False,False,1,getSelectedProtocol#okhttp3.internal.platform.Platform,True
True,False,False,False,False,False,1,cancel#io.reactivex.internal.subscriptions.EmptySubscription,True
True,False,False,False,False,False,1,handles#com.bumptech.glide.load.resource.drawable.UnitDrawableDecoder,True
True,False,False,False,False,False,1,keyIterator#edu.emory.mathcs.backport.java.util.concurrent.ConcurrentSkipListMap$SubMap,True
True,False,False,False,False,False,1,onSettings#okhttp3.internal.http2.Http2Connection$Listener,True
True,False,False,False,False,False,1,updateAlertButton#de.nproth.pin.NoteActivity,True
True,False,False,False,False,False,1,getItemId#com.fairphone.fplauncher3.kr,True
True,False,False,False,False,False,1,onStart#com.bumptech.glide.request.RequestFutureTarget,True
True,False,False,False,False,False,1,leaveTransform#io.reactivex.internal.operators.observable.ObservableReplay$BoundedReplayBuffer,True
True,False,False,False,False,False,1,getDuration#net.fortuna.ical4j.model.component.VEvent,True
True,False,False,False,False,False,1,getDependencies#com.badlogic.gdx.assets.loaders.TextureLoader,True
True,False,False,False,False,False,1,onCreate#subreddit.android.appstore.screens.details.AppDetailsPresenter,True
True,False,False,False,False,False,1,keyTyped#com.badlogic.gdx.scenes.scene2d.InputListener,True
True,False,False,False,False,False,1,onUnhandledMessage#org.libsdl.app.SDLActivity,True
True,False,False,False,False,False,1,getProperty#net.fortuna.ical4j.model.Component,True
True,False,False,False,False,False,1,h#com.fairphone.fplauncher3.jl,True
True,False,False,False,False,False,1,onDestroy#com.bumptech.glide.request.target.BaseTarget,True
True,False,False,False,False,False,1,c#com.fairphone.fplauncher3.ma,True
True,False,False,False,False,False,1,request#io.reactivex.internal.operators.flowable.FlowableIgnoreElements$IgnoreElementsSubscriber,True
True,False,False,False,False,False,1,s#com.fairphone.fplauncher3.jl,True
True,False,False,False,False,False,1,getDependencies#com.badlogic.gdx.assets.loaders.I18NBundleLoader,True
True,False,False,False,False,False,1,getFullLogDialog#de.cketti.changelog.dialog.DialogChangeLog,True
True,False,False,False,False,False,1,configureTlsExtensions#okhttp3.internal.platform.Platform,True
True,False,False,False,False,False,1,onStart#com.bumptech.glide.request.target.BaseTarget,True
True,False,False,False,False,False,1,touchUp#com.badlogic.gdx.scenes.scene2d.utils.ActorGestureListener,True
True,False,False,False,False,False,1,onUnsubscribed#io.reactivex.internal.operators.flowable.FlowableCreate$BaseEmitter,True
True,False,False,False,False,False,1,hasMoreElements#edu.emory.mathcs.backport.java.util.concurrent.ConcurrentHashMap$HashIterator,True
True,False,False,False,False,False,1,requestFusion#io.reactivex.internal.operators.observable.ObservableMap$MapObserver,True
True,False,False,False,False,False,1,onComplete#io.reactivex.internal.operators.observable.BlockingObservableLatest$LatestObserverIterator,True
True,False,False,False,False,False,1,onRemoveNoExternalMessages#org.jibble.pircbot.PircBot,True
True,False,False,False,False,False,1,onPart#org.jibble.pircbot.PircBot,True
True,False,False,False,False,False,1,evalComplexToReal#org.javia.arity.CompiledFunction,True
True,False,False,False,False,False,1,accept#io.reactivex.internal.operators.observable.ObservableWindowTimed$WindowExactBoundedSubscriber,True
True,False,False,False,False,False,1,isCleartextTrafficPermitted#okhttp3.internal.platform.Platform,True
True,False,False,False,False,False,1,isLoggable#timber.log.Timber$Tree,True
True,False,False,False,False,False,1,getNode#com.badlogic.gdx.graphics.g3d.ModelInstance,True
True,False,False,False,False,False,1,getMaxLineLength#org.jibble.pircbot.PircBot,True
True,False,False,False,False,False,1,accept#io.reactivex.internal.operators.flowable.FlowableWindowTimed$WindowExactUnboundedSubscriber,True
True,False,False,False,False,False,1,readValue#com.badlogic.gdx.utils.Json,True
True,False,False,False,False,False,1,getRetryCount#com.squareup.picasso.RequestHandler,True
True,False,False,False,False,False,1,getGroupId#org.secuso.privacyfriendly2048.activities.adapter.HelpExpandableListAdapter,True
True,False,False,False,False,False,1,connectStart#okhttp3.EventListener,True
True,False,False,False,False,False,1,touchDown#com.badlogic.gdx.scenes.scene2d.InputListener,True
True,False,False,False,False,False,1,onSwipeBottom#org.secuso.privacyfriendly2048.activities.helper.Gestures,True
True,False,False,False,False,False,1,poll#io.reactivex.internal.operators.flowable.FlowableIgnoreElements$IgnoreElementsSubscriber,True
True,False,False,False,False,False,1,getChildId#org.secuso.privacyfriendly2048.activities.adapter.HelpExpandableListAdapter,True
True,False,False,False,False,False,1,convert#retrofit2.BuiltInConverters$RequestBodyConverter,True
True,False,False,False,False,False,1,onDestroy#subreddit.android.appstore.screens.navigation.NavigationPresenter,True
True,False,False,False,False,False,1,onStop#com.bumptech.glide.manager.NullConnectivityMonitor,True
True,False,False,False,False,False,1,watch#com.squareup.leakcanary.RefWatcher,True
True,False,False,False,False,False,1,downsample#com.bumptech.glide.request.RequestOptions,True
True,False,False,False,False,False,1,castView#butterknife.internal.Finder,True
